"GameIndex","HomeTeam","AwayTeam","Date","AvgO25","AvgU25","AvgH","AvgA","AvgD","Played","TG","HtPos","AtPos","HtSGLG","AtSGLG","HtCGLG","AtCGLG","HtASGPG","AtASGPG","HtACGPG","AtACGPG","HtASGP5G","AtASGP5G","HtACGP5G","AtACGP5G","AGTM","HtASGP3G","AtASGP3G","HtACGP3G","AtACGP3G","HtpercentGO","AtpercentGO","FTR","elo_ht","elo_at","win_e_ht","tilt_ht","tilt_at"
"30/07/2022Cercle BruggeAnderlecht","Cercle Brugge","Anderlecht","30/07/2022",1.78,2.02,3.62,1.99,3.53,1,1,13,2,0,2,2,0,0,2,2,0,0,2,2,0,2.75,0,2,2,0,0,0,"H",1015.70135696178,1187.05775534968,0.358138138161801,1.02618347691676,1.09408109213488
"30/07/2022OostendeMechelen","Oostende","Mechelen","30/07/2022",1.69,2.15,2.71,2.44,3.5,1,3,17,16,0,0,2,2,0,0,2,2,0,0,2,2,2.6,0,0,2,2,0,0,"H",964.229761489907,1036.91390380922,0.496137346439217,0.948629493696351,1.24858755605335
"30/07/2022Oud-Heverlee LeuvenWesterlo","Oud-Heverlee Leuven","Westerlo","30/07/2022",1.73,2.09,2.48,2.72,3.44,1,2,4,6,2,2,0,0,2,2,0,0,2,2,0,0,0,2,2,0,0,0,0,"H",995.06473758704,921.187458695455,0.695979218015414,1.16579781620796,1.16409264339467
"30/07/2022GentSt Truiden","Gent","St Truiden","30/07/2022",1.91,1.87,1.54,6.04,4.08,1,2,9,10,2,1,2,1,2,1,2,1,2,1,2,1,3,2,1,2,1,1,0,"D",1161.49572629589,1090.46187279217,0.692504825903101,0.993296673643804,0.891003534443194
"31/07/2022GenkStandard","Genk","Standard","31/07/2022",1.65,2.2,1.51,5.82,4.31,1,4,14,13,2,2,3,2,2,2,3,2,2,2,3,2,2.33333333333333,2,2,3,2,1,1,"H",1049.85461662797,946.427953561609,0.730728882170854,1.21707898172721,0.925370717933615
"31/07/2022EupenClub Brugge","Eupen","Club Brugge","31/07/2022",1.52,2.49,6,1.46,4.75,1,3,15,7,1,3,3,2,1,3,3,2,1,3,3,2,4,1,3,3,2,1,1,"H",870.362670728347,1246.25636349316,0.146681952124842,1.05370666523651,1.21654032135166
"31/07/2022SeraingKortrijk","Seraing","Kortrijk","31/07/2022",1.88,1.9,2.86,2.4,3.34,1,1,17,16,0,0,2,2,0,0,2,2,0,0,2,2,2,0,0,2,2,0,0,"A",863.927741101472,869.94806116319,0.591047212120892,1.00673281688136,1.05794945041321
"31/07/2022AntwerpWaregem","Antwerp","Waregem","31/07/2022",1.62,2.25,1.38,7.28,4.91,1,1,3,4,2,2,0,0,2,2,0,0,2,2,0,0,2.9,2,2,0,0,0,0,"H",1147.04045633896,924.786805605924,0.843215132937568,0.94753286420727,1.16255826626863
"05/08/2022Club BruggeWaregem","Club Brugge","Waregem","05/08/2022",1.32,3.27,1.26,9.28,6.39,2,2,8,7,1,0,2,1,2,1,2,0.5,2,1,2,0.5,3.83333333333333,2,1,2,0.5,1,0,"D",1212.12364178667,918.515409423693,0.89023043621587,1.21265514875864,1.12553780025913
"06/08/2022GenkEupen","Genk","Eupen","06/08/2022",1.44,2.72,1.35,7.43,5.3,2,6,8,11,3,2,1,1,2.5,1.5,2,2,2.5,1.5,2,2,3.33333333333333,2.5,1.5,2,2,1,1,"H",1060.62545848381,904.495392434831,0.786122547389399,1.24267687129276,1.05034152214589
"06/08/2022CharleroiOostende","Charleroi","Oostende","06/08/2022",1.69,2.15,1.61,5.04,4.1,2,4,7,13,0,2,1,1,1.5,1,1,1.5,1.5,1,1,1.5,2.66666666666667,1.5,1,1,1.5,0.5,0.5,"A",1051.42579440486,984.384270068288,0.687589567197778,1.0628183525034,0.94925231821475
"06/08/2022KortrijkSt Truiden","Kortrijk","St Truiden","06/08/2022",2.05,1.75,3.07,2.33,3.26,2,0,12,15,1,1,0,1,0.5,1,1,1,0.5,1,1,1,2.41666666666667,0.5,1,1,1,0,0,"D",893.58995409706,1098.16206845167,0.315472073672519,1.02491822210813,0.886723300288408
"06/08/2022MechelenSt. Gilloise","Mechelen","St. Gilloise","06/08/2022",1.68,2.16,3.14,2.14,3.58,2,3,17,3,1,1,2,0,0.5,1,2,0.5,0.5,1,2,0.5,3,0.5,1,2,0.5,0.5,0,"H",1016.75939523084,1215.78966209593,0.322401314987624,1.24940731861443,1.07427009590074
"07/08/2022StandardCercle Brugge","Standard","Cercle Brugge","07/08/2022",1.91,1.88,2.7,2.51,3.38,2,2,17,13,1,1,3,0,1.5,0.5,2.5,1,1.5,0.5,2.5,1,1.75,1.5,0.5,2.5,1,1,0,"H",935.657111705767,1041.37583134997,0.448776993925288,0.944833331125113,0.993154483711801
"07/08/2022GentWesterlo","Gent","Westerlo","07/08/2022",1.76,2.05,1.66,4.9,3.9,2,3,16,12,1,0,1,2,1.5,1,1.5,1,1.5,1,1.5,1,3,1.5,1,1.5,1,0.5,0,"H",1153.79553063639,909.026631259739,0.859598041106491,0.98852504010475,1.1401992781049
"07/08/2022AnderlechtSeraing","Anderlecht","Seraing","07/08/2022",1.52,2.47,1.26,10.28,5.84,2,4,9,18,0,0,1,1,1,0,0.5,1.5,1,0,0.5,1.5,4,1,0,0.5,1.5,0,0,"H",1161.38328096149,840.285848167601,0.904765901572672,1.058866729625,0.97530067094694
"07/08/2022AntwerpOud-Heverlee Leuven","Antwerp","Oud-Heverlee Leuven","07/08/2022",1.67,2.18,1.6,5.05,4.17,2,6,2,1,1,2,0,0,1.5,2,0,0,1.5,2,0,0,3,1.5,2,0,0,0,0,"H",1153.31185252119,1007.22556502276,0.776240873862637,0.917359659809649,1.14186945171333
"12/08/2022OostendeGent","Oostende","Gent","12/08/2022",1.72,2.1,4.74,1.66,4,3,4,5,6,3,2,1,1,1.66666666666667,1.66666666666667,1.33333333333333,1.33333333333333,1.66666666666667,1.66666666666667,1.33333333333333,1.33333333333333,2.41666666666667,1.66666666666667,1.66666666666667,1.33333333333333,1.33333333333333,0.666666666666667,0.666666666666667,"A",1011.88785395993,1159.41160900945,0.390249806724958,0.97706126664195,0.991721168373007
"13/08/2022WesterloStandard","Westerlo","Standard","13/08/2022",1.94,1.85,2.07,3.53,3.37,3,6,15,9,1,2,2,0,1,1.66666666666667,1.33333333333333,1.66666666666667,1,1.66666666666667,1.33333333333333,1.66666666666667,4,1,1.66666666666667,1.33333333333333,1.66666666666667,0.333333333333333,0.666666666666667,"H",903.410552886676,957.706033067699,0.52258535632111,1.14388580398574,0.937867372584094
"13/08/2022Cercle BruggeMechelen","Cercle Brugge","Mechelen","13/08/2022",1.76,2.05,2.1,3.29,3.55,3,0,16,12,0,3,2,0,0.333333333333333,1.33333333333333,1.33333333333333,1.33333333333333,0.333333333333333,1.33333333333333,1.33333333333333,1.33333333333333,3.83333333333333,0.333333333333333,1.33333333333333,1.33333333333333,1.33333333333333,0,0.666666666666667,"D",1019.32690998804,1043.86334096458,0.565056482927321,0.985832268533252,1.24278882850987
"13/08/2022SeraingCharleroi","Seraing","Charleroi","13/08/2022",1.81,1.99,4.07,1.83,3.72,3,1,18,14,1,1,3,3,0.333333333333333,1.33333333333333,2,1.66666666666667,0.333333333333333,1.33333333333333,2,1.66666666666667,3,0.333333333333333,1.33333333333333,2,1.66666666666667,0.333333333333333,0.666666666666667,"A",836.47648289713,1023.92221051322,0.337138600369083,1.00208811039903,1.09395428989867
"13/08/2022St. GilloiseKortrijk","St. Gilloise","Kortrijk","13/08/2022",1.72,2.1,1.44,6.84,4.53,3,3,11,10,0,0,3,0,0.666666666666667,0.333333333333333,1.33333333333333,0.666666666666667,0.666666666666667,0.333333333333333,1.33333333333333,0.666666666666667,3.5,0.666666666666667,0.333333333333333,1.33333333333333,0.666666666666667,0.333333333333333,0,"H",1188.68571636219,900.971071863931,0.886870998654678,1.06857936086708,0.973672311002722
"14/08/2022St TruidenAnderlecht","St Truiden","Anderlecht","14/08/2022",1.92,1.86,3.53,2.04,3.46,3,3,16,4,0,3,0,1,0.666666666666667,1.66666666666667,0.666666666666667,0.666666666666667,0.666666666666667,1.66666666666667,0.666666666666667,0.666666666666667,2.90909090909091,0.666666666666667,1.66666666666667,0.666666666666667,0.666666666666667,0,0.333333333333333,"A",1090.7809506848,1165.19264623196,0.493651538434437,0.842387135273988,1.08794937998361
"14/08/2022EupenAntwerp","Eupen","Antwerp","14/08/2022",1.65,2.2,3.65,1.91,3.75,3,1,17,1,2,4,4,2,1.66666666666667,2.33333333333333,2.66666666666667,0.666666666666667,1.66666666666667,2.33333333333333,2.66666666666667,0.666666666666667,2.8,1.66666666666667,2.33333333333333,2.66666666666667,0.666666666666667,1,0.333333333333333,"A",895.940293016018,1162.26221806667,0.244139011200814,1.09439017665782,0.97658249943461
"14/08/2022Oud-Heverlee LeuvenClub Brugge","Oud-Heverlee Leuven","Club Brugge","14/08/2022",1.54,2.41,4.55,1.67,4.12,3,3,6,11,2,1,4,1,2,1.66666666666667,1.33333333333333,1.66666666666667,2,1.66666666666667,1.33333333333333,1.66666666666667,3.25,2,1.66666666666667,1.33333333333333,1.66666666666667,0.333333333333333,0.666666666666667,"A",998.275199477276,1196.51442360984,0.323396965857837,1.21558617850454,1.18756095785379
"14/08/2022WaregemGenk","Waregem","Genk","14/08/2022",1.53,2.46,4.11,1.74,4.09,3,5,10,5,1,4,1,2,1,3,0.666666666666667,2,1,3,0.666666666666667,2,3.33333333333333,1,3,0.666666666666667,2,0,1,"A",934.124627600524,1069.18055790262,0.407455937453652,1.10224638022166,1.29479158162213
"19/08/2022EupenSeraing","Eupen","Seraing","19/08/2022",1.76,2.04,1.71,4.58,3.84,4,4,17,18,0,0,1,1,1.25,0.25,2.25,1.75,1.25,0.25,2.25,1.75,1.5,1.33333333333333,0.333333333333333,2,1.66666666666667,0.75,0.25,"A",886.174733632408,822.990940303415,0.682799584182342,1.06015024841498,0.970266004409032
"20/08/2022OostendeSt Truiden","Oostende","St Truiden","20/08/2022",2.07,1.74,3.12,2.27,3.33,4,1,9,16,1,0,3,3,1.5,0.5,1.75,1.25,1.5,0.5,1.75,1.25,1.75,2,0.333333333333333,1.66666666666667,1.33333333333333,0.75,0.25,"A",996.277864707159,1071.03489464667,0.493154554448077,1.00887603873707,0.855417403211489
"20/08/2022GenkCercle Brugge","Genk","Cercle Brugge","20/08/2022",1.6,2.3,1.59,5.14,4.17,4,3,3,15,4,0,1,0,3.25,0.25,1.75,1,3.25,0.25,1.75,1,3.5,3.66666666666667,0.333333333333333,1.33333333333333,0.666666666666667,1,0,"H",1085.47879927546,1016.72465242391,0.689703350730205,1.32077582054974,0.936540655106589
"21/08/2022Club BruggeKortrijk","Club Brugge","Kortrijk","21/08/2022",1.51,2.5,1.31,9,5.5,4,3,5,13,3,1,0,2,2,0.5,1.25,1,2,0.5,1.25,1,2.66666666666667,1.66666666666667,0.666666666666667,1,0.666666666666667,0.75,0.25,"H",1209.45030102828,896.445912838118,0.90067530187757,1.17754181273656,0.9811380112613
"21/08/2022WaregemCharleroi","Waregem","Charleroi","21/08/2022",1.62,2.27,3.12,2.13,3.7,4,4,15,8,1,1,4,0,1,1.25,1.5,1.25,1,1.25,1.5,1.25,3.5,0.666666666666667,0.666666666666667,2,1.33333333333333,0.25,0.5,"A",917.82638622769,1037.40775310693,0.429127091711318,1.12436656829463,1.05921490021814
"21/08/2022StandardOud-Heverlee Leuven","Standard","Oud-Heverlee Leuven","21/08/2022",1.65,2.22,2.02,3.39,3.68,4,4,14,9,2,0,4,3,1.75,1.5,2.25,1.75,1.75,1.5,2.25,1.75,2.5,1.66666666666667,1.33333333333333,2.33333333333333,2.33333333333333,0.75,0.5,"A",938.60944271437,985.339322058838,0.533438380587968,0.995879580702038,1.20533059183811
"21/08/2022MechelenWesterlo","Mechelen","Westerlo","21/08/2022",1.81,1.99,2.51,2.66,3.46,4,9,12,7,0,4,0,2,1,1.75,1,1.5,1,1.75,1,1.5,3,1.33333333333333,1.66666666666667,0.666666666666667,2,0.5,0.5,"H",1046.46559852871,922.507143240005,0.753341689817807,1.18064938708437,1.21464137483063
"26/08/2022CharleroiClub Brugge","Charleroi","Club Brugge","26/08/2022",1.64,2.24,3.59,1.95,3.74,5,4,5,3,3,2,1,1,1.6,2,1.2,1.2,1.6,2,1.2,1.2,1.83333333333333,1.66666666666667,2,1.33333333333333,0.666666666666667,0.6,0.8,"A",1054.57283864366,1213.42328919645,0.374850253782664,1.077405328015,1.17981819827875
"27/08/2022SeraingGenk","Seraing","Genk","27/08/2022",1.54,2.42,5.73,1.5,4.5,5,4,17,2,3,2,1,1,0.8,3,1.6,1.6,0.8,3,1.6,1.6,2.5,1.33333333333333,3.33333333333333,1.66666666666667,1.33333333333333,0.4,1,"A",850.302923338023,1097.89066293749,0.264583998410838,0.997213706173541,1.31880258788627
"27/08/2022Cercle BruggeWaregem","Cercle Brugge","Waregem","27/08/2022",1.72,2.09,1.78,4.16,3.87,5,2,14,16,1,1,2,3,0.4,1,1.2,1.8,0.4,1,1.2,1.8,4,0.333333333333333,1,1.33333333333333,2.66666666666667,0.2,0.4,"D",1004.31278876188,900.66130069096,0.730983542578951,0.935141467914806,1.14367587830674
"27/08/2022Oud-Heverlee LeuvenOostende","Oud-Heverlee Leuven","Oostende","27/08/2022",1.71,2.11,2.01,3.4,3.68,5,3,5,11,3,0,1,1,1.8,1.2,1.6,1.6,1.8,1.2,1.6,1.6,3,1.66666666666667,1.33333333333333,2.66666666666667,1.66666666666667,0.6,0.6,"H",1006.67685846607,976.55168425237,0.640231021301059,1.22539505963809,0.981812635568014
"27/08/2022St TruidenMechelen","St Truiden","Mechelen","27/08/2022",1.87,1.92,2.15,3.27,3.44,5,4,12,8,1,5,0,4,0.6,1.8,1,1.6,0.6,1.8,1,1.6,2.3,0.333333333333333,2.66666666666667,1,1.33333333333333,0.2,0.6,"H",1090.76107510146,1056.33193284902,0.645917716852638,0.832470574094685,1.26980880689999
"28/08/2022GentAntwerp","Gent","Antwerp","28/08/2022",1.81,1.98,1.95,3.7,3.59,4,3,8,3,3,1,1,0,2,2,1.25,0.5,2,2,1.25,0.5,1.8,2,2,1,0.666666666666667,0.75,0.25,"A",1175.02159826222,1172.02777745028,0.60352777856669,1.02401329173404,0.946028392300739
"28/08/2022KortrijkStandard","Kortrijk","Standard","28/08/2022",1.84,1.95,2.62,2.55,3.45,5,1,15,16,1,1,2,3,0.6,1.6,1.2,2.4,0.6,1.6,1.2,2.4,3.08333333333333,0.666666666666667,1.66666666666667,1.33333333333333,2.33333333333333,0.4,0.8,"A",892.472924669953,917.271906307141,0.564684932494078,0.983034715360954,1.01245743404365
"28/08/2022St. GilloiseAnderlecht","St. Gilloise","Anderlecht","28/08/2022",1.84,1.95,2.19,3.13,3.5,4,3,10,5,2,3,1,0,1,2,1.25,0.5,1,2,1.25,0.5,2.5,1,2,1.33333333333333,0.666666666666667,0.5,0.5,"H",1193.210875388,1184.93870227008,0.610774986279833,1.07677276754054,1.10477806994101
"28/08/2022WesterloEupen","Westerlo","Eupen","28/08/2022",1.8,2.01,1.84,4.16,3.59,5,1,11,17,4,1,5,3,2.2,1.2,2.2,2.4,2.2,1.2,2.2,2.4,4.5,3,1,3,2.66666666666667,0.6,0.8,"A",912.640808919692,858.8627505978,0.670958508755566,1.30636777679945,1.08959435198043
"31/08/2022AntwerpSt. Gilloise","Antwerp","St. Gilloise","31/08/2022",1.89,1.89,2.72,2.52,3.37,5,6,2,5,2,2,1,1,2,1.2,0.6,1.2,2,1.2,0.6,1.2,2.5,2.33333333333333,1.33333333333333,1,1.66666666666667,0.4,0.6,"H",1196.16888973962,1208.77987740831,0.581846393557986,0.957319962136452,1.07724367931887
"01/09/2022AnderlechtGent","Anderlecht","Gent","01/09/2022",1.76,2.04,2.12,3.23,3.54,5,1,6,9,1,1,2,2,1.8,1.8,0.8,1.4,1.8,1.8,0.8,1.4,2.16666666666667,2.33333333333333,2,1,1.33333333333333,0.6,0.8,"A",1169.36970024978,1150.88048597288,0.624662241943968,1.10526122945364,1.03623567077723
"02/09/2022Club BruggeCercle Brugge","Club Brugge","Cercle Brugge","02/09/2022",1.66,2.2,1.59,5.15,4.18,6,4,3,15,3,1,1,1,2.16666666666667,0.5,1.16666666666667,1.16666666666667,2,0.6,1,1,2.875,2.66666666666667,0.666666666666667,0.666666666666667,1,0.833333333333333,0.166666666666667,"H",1228.41730201584,995.073447598869,0.851471333732864,1.19507975205681,0.923359338695751
"03/09/2022GenkSt Truiden","Genk","St Truiden","03/09/2022",1.68,2.15,1.65,4.82,4.03,6,0,3,9,4,3,0,1,3.16666666666667,1,1.33333333333333,1,3.4,1,1,1,3,3.33333333333333,1.33333333333333,0.666666666666667,1.33333333333333,1,0.333333333333333,"D",1108.47402558008,1104.92436946846,0.604293093292268,1.33308598480806,0.853848655998799
"03/09/2022EupenKortrijk","Eupen","Kortrijk","03/09/2022",1.8,1.99,2.23,3.09,3.43,6,1,14,17,1,0,0,1,1.16666666666667,0.5,2,1.16666666666667,1.2,0.6,1.8,1,2.08333333333333,0.666666666666667,0.666666666666667,1.33333333333333,1.66666666666667,0.666666666666667,0.333333333333333,"A",885.70109391281,869.885526330833,0.621046935668819,1.05042425878825,0.953636896476229
"03/09/2022MechelenSeraing","Mechelen","Seraing","03/09/2022",1.63,2.24,1.56,5.41,4.27,6,5,10,18,1,0,3,4,1.66666666666667,0.666666666666667,1.83333333333333,2,2,0.8,1.8,2,1.5,2,1,2.33333333333333,2,0.666666666666667,0.5,"A",1042.16863848203,839.719560695432,0.827547192285619,1.30241785942536,1.0080141089874
"03/09/2022StandardOostende","Standard","Oostende","03/09/2022",1.75,2.06,2,3.5,3.64,6,1,11,13,1,1,0,2,1.5,1.16666666666667,2,1.66666666666667,1.4,1.4,2,1.6,3,1.33333333333333,0.666666666666667,2.33333333333333,2,0.666666666666667,0.666666666666667,"H",939.859304646261,962.160923736793,0.568215484055471,0.982179723796577,0.981685804914877
"04/09/2022AnderlechtOud-Heverlee Leuven","Anderlecht","Oud-Heverlee Leuven","04/09/2022",1.45,2.66,1.37,7.46,5.12,6,4,9,4,0,2,1,1,1.5,1.83333333333333,0.833333333333333,1.5,1.4,1.8,1,1.8,2.25,1.33333333333333,1.66666666666667,1,1.66666666666667,0.5,0.666666666666667,"D",1144.38320980126,1021.06761898164,0.752653364482178,1.06929879675105,1.22523676298337
"04/09/2022AntwerpWesterlo","Antwerp","Westerlo","04/09/2022",1.75,2.05,1.91,3.76,3.68,6,3,1,13,4,0,2,1,2.33333333333333,1.83333333333333,0.833333333333333,2,2.4,1.8,1,2.4,0,2.33333333333333,2.66666666666667,1,2.66666666666667,0.5,0.5,"H",1212.89503330647,885.802465604682,0.90769818961491,1.02084937279719,1.25940484287134
"04/09/2022CharleroiGent","Charleroi","Gent","04/09/2022",1.78,2.01,3.25,2.11,3.54,6,3,10,5,1,1,3,0,1.5,1.66666666666667,1.5,1.16666666666667,1.2,1.6,1.6,1,2.41666666666667,1.66666666666667,1.66666666666667,1.33333333333333,1,0.666666666666667,0.666666666666667,"H",1039.57882582427,1175.8669764214,0.405744537975712,1.09134211876654,1.00251915690587
"04/09/2022WaregemSt. Gilloise","Waregem","St. Gilloise","04/09/2022",1.73,2.09,4.66,1.69,3.92,6,4,17,7,1,2,1,4,1,1.33333333333333,1.66666666666667,1.66666666666667,0.8,1.4,2,1.8,2.5,1,2,2.66666666666667,2,0.333333333333333,0.666666666666667,"A",909.900641853975,1192.05373384146,0.22771629998354,1.12926636119595,1.14873143554659
"09/09/2022St TruidenStandard","St Truiden","Standard","09/09/2022",1.98,1.81,2.17,3.26,3.41,7,3,9,10,0,1,0,0,0.857142857142857,1.42857142857143,0.857142857142857,1.71428571428571,0.8,1.4,0.8,1.4,2.5,1.33333333333333,1,0.333333333333333,1,0.285714285714286,0.571428571428571,"A",1109.09609628966,957.130686362527,0.782064070916187,0.811156223198859,0.953443854850442
"10/09/2022KortrijkMechelen","Kortrijk","Mechelen","10/09/2022",1.7,2.12,2.59,2.53,3.58,7,5,12,11,1,2,0,3,0.571428571428571,1.71428571428571,1,2,0.6,2.2,1,2,3,0.666666666666667,2.66666666666667,1,3.33333333333333,0.285714285714286,0.714285714285714,"A",894.727402000827,1009.06674823447,0.436534787572001,0.924994977503969,1.33650192708748
"10/09/2022OostendeEupen","Oostende","Eupen","10/09/2022",1.67,2.17,2.1,3.18,3.68,7,1,13,15,0,0,1,1,1,1,1.57142857142857,1.85714285714286,1,0.8,1.6,1.8,2.58333333333333,0.333333333333333,0.666666666666667,1.33333333333333,1.33333333333333,0.571428571428571,0.571428571428571,"H",944.889542020527,860.859218242816,0.708202433957344,0.952964386672528,1.01887538875409
"10/09/2022SeraingClub Brugge","Seraing","Club Brugge","10/09/2022",1.58,2.35,6.87,1.43,4.66,7,2,16,3,3,4,2,0,1,2.42857142857143,2,1,1.4,2.6,2.2,0.6,5,2,3,2.33333333333333,0.666666666666667,0.571428571428571,0.857142857142857,"A",872.821450942989,1234.35844999391,0.15733114176419,1.03439367745421,1.22196592354198
"10/09/2022Oud-Heverlee LeuvenCharleroi","Oud-Heverlee Leuven","Charleroi","10/09/2022",1.6,2.31,2.76,2.32,3.72,7,5,4,7,2,2,2,1,1.85714285714286,1.57142857142857,1.57142857142857,1.42857142857143,1.8,1.6,2.2,1.6,2.75,2.33333333333333,2,1.33333333333333,1.66666666666667,0.714285714285714,0.714285714285714,"H",1031.1737531674,1063.34904156244,0.554220219515237,1.23879030875035,1.09662424322614
"11/09/2022WesterloAnderlecht","Westerlo","Anderlecht","11/09/2022",1.79,2,2.84,2.36,3.47,7,3,14,9,0,2,3,2,1.57142857142857,1.57142857142857,2.14285714285714,1,1.8,1.8,2.6,1.2,4.5,1.33333333333333,1,3,1.66666666666667,0.571428571428571,0.571428571428571,"H",882.110394495351,1134.2770756155,0.259487146920129,1.25520918745803,1.08112735970165
"11/09/2022Cercle BruggeAntwerp","Cercle Brugge","Antwerp","11/09/2022",1.87,1.91,2.88,2.33,3.48,7,2,18,1,0,3,4,0,0.428571428571429,2.42857142857143,1.57142857142857,0.714285714285714,0.4,2.8,1.8,1,2.25,0.666666666666667,3,2.33333333333333,1,0.285714285714286,0.571428571428571,"A",989.132299620792,1216.5871044158,0.287740621074735,0.944132510929554,1.0174484551166
"11/09/2022St. GilloiseGenk","St. Gilloise","Genk","11/09/2022",1.7,2.13,2.09,3.28,3.57,7,3,5,3,3,0,1,0,1.57142857142857,2.71428571428571,1.57142857142857,1.14285714285714,1.8,2.8,2,0.8,2.5,2.33333333333333,2,2,0.333333333333333,0.714285714285714,0.857142857142857,"A",1201.16238616525,1104.30229875888,0.723226695816031,1.16213731755074,1.26643168556766
"11/09/2022GentWaregem","Gent","Waregem","11/09/2022",1.56,2.37,1.35,7.79,5.14,7,2,8,17,1,1,2,3,1.57142857142857,1,1.28571428571429,1.85714285714286,1.6,1,1.2,2.4,3.08333333333333,1,1,1.33333333333333,2.33333333333333,0.714285714285714,0.428571428571429,"H",1152.09676068322,900.791989530178,0.864077677754474,1.00737137590196,1.14244508262812
"16/09/2022AntwerpSeraing","Antwerp","Seraing","16/09/2022",1.6,2.3,1.33,8.53,5.23,8,3,1,16,2,0,0,2,2.375,0.875,0.625,2,2.4,1.2,0.6,2,2,3,1,0.666666666666667,2.66666666666667,0.5,0.5,"H",1228.09672903251,866.528208296171,0.923034403691808,1.00894296659611,1.01540813062196
"17/09/2022MechelenOud-Heverlee Leuven","Mechelen","Oud-Heverlee Leuven","17/09/2022",1.48,2.56,1.91,3.53,3.94,8,0,10,4,4,3,1,2,2,2,1.875,1.625,2.4,2,2.2,1.8,3.5,2.33333333333333,2.33333333333333,2.33333333333333,1.66666666666667,0.75,0.75,"D",1026.52813711881,1049.00494941538,0.567968027040261,1.37778552584175,1.26803973119898
"17/09/2022Cercle BruggeOostende","Cercle Brugge","Oostende","17/09/2022",1.85,1.93,1.79,4.23,3.73,8,4,18,12,0,1,2,0,0.375,1,1.625,1.375,0.4,0.6,1.8,1.4,2.42857142857143,0.333333333333333,0.666666666666667,2.33333333333333,1,0.25,0.5,"D",977.622675004081,956.561443530811,0.628127234198664,0.936239916279527,0.924945653162931
"17/09/2022WaregemSt Truiden","Waregem","St Truiden","17/09/2022",1.9,1.88,2.82,2.43,3.37,8,3,17,11,0,1,2,2,0.875,0.875,1.875,1,0.8,1,2.6,1.2,2.75,0.666666666666667,1.33333333333333,2,1,0.375,0.375,"A",895.35509586024,1077.81353306342,0.343584117839986,1.12503013104359,0.833528179423501
"17/09/2022CharleroiWesterlo","Charleroi","Westerlo","17/09/2022",1.71,2.11,2.16,3.16,3.55,8,5,8,13,2,2,3,1,1.625,1.625,1.625,2,1.8,2,1.6,2.4,1.5,1.66666666666667,0.666666666666667,2.33333333333333,1.66666666666667,0.75,0.625,"A",1045.51784531446,911.730907783207,0.763703399444981,1.12251694316976,1.24794635235815
"18/09/2022GenkGent","Genk","Gent","18/09/2022",1.7,2.12,2.19,3.04,3.58,8,1,3,5,2,2,1,0,2.625,1.625,1.125,1.125,2.4,1.6,0.6,1,2.83333333333333,2,1.33333333333333,0.333333333333333,0.666666666666667,0.875,0.625,"H",1133.23136601107,1157.53365435316,0.565387647367331,1.25473911198696,0.992015431002956
"18/09/2022EupenSt. Gilloise","Eupen","St. Gilloise","18/09/2022",1.71,2.1,3.8,1.87,3.73,8,3,15,7,0,1,1,2,0.875,1.5,1.75,1.625,0.4,2,1.2,1.8,2.5,0.333333333333333,2,0.666666666666667,2.33333333333333,0.5,0.75,"A",849.187316732532,1172.23331891306,0.188980253926785,0.98891876246644,1.15140766173811
"18/09/2022StandardClub Brugge","Standard","Club Brugge","18/09/2022",1.64,2.2,3.68,1.91,3.71,8,3,8,2,2,2,1,0,1.5,2.375,1.625,0.875,1.4,2.8,1.6,0.4,3,1.33333333333333,3,0.333333333333333,0.333333333333333,0.625,0.75,"H",988.413249588767,1240.65169264073,0.259407735051134,0.979740150894685,1.19953762397434
"18/09/2022AnderlechtKortrijk","Anderlecht","Kortrijk","18/09/2022",1.61,2.27,1.34,8.29,5.12,8,5,12,14,1,1,2,4,1.5,0.625,1.125,1.375,1.4,0.8,1.4,1.8,3.66666666666667,1,0.666666666666667,1.66666666666667,1.66666666666667,0.625,0.375,"H",1104.65656232765,877.26601311649,0.847084879993992,1.07487178906534,0.95356741778784
"30/09/2022StandardSeraing","Standard","Seraing","30/09/2022",1.78,2.01,1.61,5.23,4.03,9,2,5,17,3,1,0,2,1.66666666666667,0.888888888888889,1.44444444444444,2,1.6,1.4,0.8,2.2,1,2,1.33333333333333,0.333333333333333,2,0.666666666666667,0.555555555555556,"A",1018.03693766756,863.449584783048,0.784625544286438,0.980772416443867,1.02410590216085
"01/10/2022Oud-Heverlee LeuvenSt. Gilloise","Oud-Heverlee Leuven","St. Gilloise","01/10/2022",1.65,2.21,4.18,1.76,3.93,9,3,4,5,0,2,0,1,1.77777777777778,1.55555555555556,1.44444444444444,1.55555555555556,2,2,1.2,1.8,4.5,1.66666666666667,2,1.33333333333333,1.33333333333333,0.666666666666667,0.777777777777778,"A",1051.72366980223,1179.79252899318,0.417201815819776,1.20463774463904,1.15450960309003
"01/10/2022OostendeGenk","Oostende","Genk","01/10/2022",1.55,2.4,3.97,1.79,3.97,9,3,13,2,2,1,2,0,1.11111111111111,2.44444444444444,1.44444444444444,1,0.8,1.8,1.2,0.4,3.91666666666667,1,1,1,0.333333333333333,0.555555555555556,0.777777777777778,"A",961.686529213077,1150.61585945677,0.335232583707032,0.964146553827182,1.2121631330972
"01/10/2022WesterloWaregem","Westerlo","Waregem","01/10/2022",1.69,2.14,1.59,5.25,4.18,9,2,11,18,3,0,2,3,1.77777777777778,0.777777777777778,2,2,1.8,0.6,2.4,2.4,3.5,1.66666666666667,0.333333333333333,2,2.66666666666667,0.666666666666667,0.444444444444444,"H",942.279045320526,881.611733078644,0.679653838736351,1.27463454975939,1.14076179372451
"01/10/2022Club BruggeMechelen","Club Brugge","Mechelen","01/10/2022",1.5,2.53,1.46,6.16,4.71,9,3,3,12,0,0,3,0,2.11111111111111,1.77777777777778,1.11111111111111,1.66666666666667,2.2,2.4,1,2.2,3.4,2,2,1,1.33333333333333,0.777777777777778,0.666666666666667,"H",1211.02800456194,1023.80941673197,0.814673650969101,1.20080147068211,1.30889624954966
"02/10/2022AnderlechtCharleroi","Anderlecht","Charleroi","02/10/2022",1.65,2.21,1.61,5.02,4.16,9,1,9,11,4,2,1,3,1.77777777777778,1.66666666666667,1.11111111111111,1.77777777777778,1.6,2,1.6,2.2,2.75,2.33333333333333,2,1.66666666666667,2.33333333333333,0.666666666666667,0.777777777777778,"A",1110.77316864271,1014.96970777714,0.722007555582259,1.12599755455709,1.14652274575009
"02/10/2022GentCercle Brugge","Gent","Cercle Brugge","02/10/2022",1.86,1.92,1.62,5.16,3.96,9,7,8,17,0,2,1,2,1.44444444444444,0.555555555555556,1.11111111111111,1.66666666666667,1,0.8,1,2.2,3.625,1,0.666666666666667,1,2.66666666666667,0.555555555555556,0.333333333333333,"A",1140.14916090746,972.497589321816,0.797062101080921,0.958354227932768,0.975919488620321
"02/10/2022KortrijkAntwerp","Kortrijk","Antwerp","02/10/2022",1.81,1.97,4.36,1.75,3.8,9,3,15,1,1,2,4,1,0.666666666666667,2.33333333333333,1.66666666666667,0.666666666666667,0.8,2.6,2.2,0.8,2.7,1,2.33333333333333,2.66666666666667,0.333333333333333,0.444444444444444,0.555555555555556,"H",871.149406801429,1231.17535254564,0.158487670931573,0.998923398546057,1.01758535890574
"02/10/2022St TruidenEupen","St Truiden","Eupen","02/10/2022",1.97,1.82,1.78,4.4,3.64,9,1,10,16,3,1,0,2,1.11111111111111,0.888888888888889,0.888888888888889,1.77777777777778,1.6,0.6,0.6,1.4,3.75,1.33333333333333,0.333333333333333,0.666666666666667,1.33333333333333,0.444444444444444,0.555555555555556,"A",1091.55689584502,841.628106652414,0.863144703493774,0.845183675389257,0.991582951793049
"07/10/2022AntwerpSt Truiden","Antwerp","St Truiden","07/10/2022",2.14,1.7,1.94,3.99,3.41,10,2,1,11,1,0,2,1,2.2,1,0.8,0.9,2.4,1.4,1,0.8,2.5,1.66666666666667,1.33333333333333,1,1,0.6,0.4,"H",1197.51486104906,1057.03110799922,0.770589379676353,1.02677075666688,0.823094261545583
"08/10/2022GenkKortrijk","Genk","Kortrijk","08/10/2022",1.47,2.63,1.29,9.29,5.72,10,3,2,14,2,2,1,1,2.4,0.8,1,1.6,1.8,1,0.4,2,2.91666666666667,1.66666666666667,1.33333333333333,0.666666666666667,3,0.8,0.5,"H",1164.02516638449,904.809898298002,0.86933770911427,1.2137861795326,1.00794034112317
"08/10/2022SeraingOostende","Seraing","Oostende","08/10/2022",1.9,1.9,2.81,2.44,3.4,10,2,16,13,2,1,0,2,1,1.1,1.8,1.5,1.2,1,2,1.4,4.5,1,1.33333333333333,1.33333333333333,1.33333333333333,0.5,0.6,"D",894.834608612295,948.277222285355,0.523809991806504,1.01368478830562,0.965437514247172
"08/10/2022WaregemOud-Heverlee Leuven","Waregem","Oud-Heverlee Leuven","08/10/2022",1.55,2.41,2.63,2.43,3.74,10,7,18,5,0,0,2,3,0.7,1.6,2,1.6,0.4,1.4,2.2,1.6,3,0,1,2.33333333333333,1.66666666666667,0.4,0.7,"A",868.79788724182,1035.0356004833,0.364939488415662,1.11510524787573,1.19637597514314
"08/10/2022Club BruggeWesterlo","Club Brugge","Westerlo","08/10/2022",1.6,2.3,1.56,5.31,4.3,10,2,3,8,3,2,0,0,2.2,1.8,1,1.8,2.4,1.4,0.8,1.4,3.5,1.66666666666667,2.33333333333333,1,1,0.8,0.6,"A",1218.44105894626,955.092891157351,0.872016443512119,1.18660154683186,1.24596711020607
"09/10/2022MechelenAnderlecht","Mechelen","Anderlecht","09/10/2022",1.69,2.16,3.75,1.89,3.77,10,4,12,10,0,0,3,1,1.6,1.6,1.8,1.1,1.4,1.4,2,1.4,3.6,1.33333333333333,1.66666666666667,1.33333333333333,1.33333333333333,0.7,0.6,"A",1016.39636234764,1081.89286822805,0.506480694528629,1.29341806474954,1.0871417267394
"09/10/2022EupenGent","Eupen","Gent","09/10/2022",1.82,1.98,4.19,1.8,3.75,10,4,16,9,1,3,0,4,0.9,1.6,1.6,1.4,0.6,1.4,0.8,1.4,3.33333333333333,0.666666666666667,1.66666666666667,1,1.66666666666667,0.5,0.6,"A",876.153894498209,1108.26667792252,0.282276706386688,0.96566729958597,1.05389097321259
"09/10/2022CharleroiStandard","Charleroi","Standard","09/10/2022",1.67,2.18,2.12,3.16,3.66,10,1,8,7,1,0,0,2,1.6,1.5,1.6,1.5,1.6,1.4,2,0.6,1.83333333333333,1.66666666666667,1.66666666666667,2,1,0.7,0.6,"A",1043.8500081918,986.651913838311,0.675290300481051,1.10695863638091,0.970792256192598
"09/10/2022St. GilloiseCercle Brugge","St. Gilloise","Cercle Brugge","09/10/2022",1.75,2.06,1.6,5.13,4.1,10,3,5,17,3,4,0,3,1.7,0.9,1.4,1.8,2.2,1.4,1.6,2.4,4,2,2,1,2.33333333333333,0.8,0.4,"H",1196.4805983121,1004.38007230675,0.818879110469749,1.14659162752935,1.07320728563777
"14/10/2022WesterloSeraing","Westerlo","Seraing","14/10/2022",1.89,1.89,1.6,5.66,3.88,11,4,7,14,2,1,0,1,1.81818181818182,1,1.63636363636364,1.72727272727273,1.8,1.4,1.2,1.4,0,2.33333333333333,1.33333333333333,0.666666666666667,1,0.545454545454545,0.454545454545455,"D",989.973548070084,893.882209725334,0.722339955890089,1.21737846972757,1.00443254154622
"15/10/2022KortrijkWaregem","Kortrijk","Waregem","15/10/2022",1.69,2.15,2,3.42,3.72,11,4,15,18,1,2,2,5,0.818181818181818,0.818181818181818,1.63636363636364,2.27272727272727,1.2,0.6,2.2,3,3.41666666666667,1.33333333333333,0.666666666666667,2.33333333333333,3.33333333333333,0.545454545454545,0.454545454545455,"A",899.583405827875,854.200308411817,0.660202895033279,1.00697542422744,1.17637005518307
"15/10/2022Cercle BruggeEupen","Cercle Brugge","Eupen","15/10/2022",1.8,1.99,1.84,4.02,3.71,11,6,16,17,1,0,2,4,0.909090909090909,0.818181818181818,1.81818181818182,1.81818181818182,1.4,0.4,2.6,1.6,2.25,2.33333333333333,0.666666666666667,2.33333333333333,2,0.454545454545455,0.545454545454545,"H",997.135237613652,864.862825469492,0.762126499957713,1.07187592721936,0.99329311499953
"15/10/2022St TruidenCharleroi","St Truiden","Charleroi","15/10/2022",1.96,1.83,2.15,3.4,3.33,11,3,11,10,0,0,2,1,0.909090909090909,1.45454545454545,1,1.54545454545455,0.8,1.4,1,1.6,1.83333333333333,1,1,1,1.33333333333333,0.363636363636364,0.636363636363636,"H",1047.85468127515,1016.83839645765,0.641411693477179,0.820896637711718,1.07221243461525
"15/10/2022Oud-Heverlee LeuvenGenk","Oud-Heverlee Leuven","Genk","15/10/2022",1.48,2.59,4.3,1.7,4.19,11,1,5,2,5,2,2,1,1.90909090909091,2.36363636363636,1.63636363636364,1,2,1.4,1.8,0.6,3.5,1.66666666666667,1.66666666666667,1.66666666666667,0.666666666666667,0.727272727272727,0.818181818181818,"A",1049.63317931331,1169.25165885462,0.429074774040784,1.26210586362129,1.2126242032284
"16/10/2022StandardAntwerp","Standard","Antwerp","16/10/2022",1.78,2.01,2.88,2.33,3.52,11,3,7,2,1,2,0,0,1.45454545454545,2.18181818181818,1.36363636363636,0.727272727272727,1.4,2,0.6,0.6,2.7,1.33333333333333,1.66666666666667,0.666666666666667,1,0.545454545454545,0.545454545454545,"H",1013.66352557246,1206.69128777314,0.329995602814516,0.94032016582029,1.02402932595574
"16/10/2022GentMechelen","Gent","Mechelen","16/10/2022",1.66,2.19,1.49,5.97,4.45,11,3,8,13,4,1,0,3,1.81818181818182,1.54545454545455,1.27272727272727,1.90909090909091,2,1.4,1.4,2,2.9,2.33333333333333,0.333333333333333,1.66666666666667,2,0.636363636363636,0.727272727272727,"H",1119.55774695124,996.137134904946,0.752765871517689,1.08404069196611,1.3023346230475
"16/10/2022AnderlechtClub Brugge","Anderlecht","Club Brugge","16/10/2022",1.7,2.12,2.53,2.58,3.57,11,1,9,3,3,0,1,2,1.72727272727273,2,1.09090909090909,1.09090909090909,2,1.8,1.4,1,2.75,2.33333333333333,1,1,1.66666666666667,0.636363636363636,0.727272727272727,"A",1102.15209567075,1183.56040203353,0.483588034506445,1.09463625835976,1.15937504563795
"16/10/2022OostendeSt. Gilloise","Oostende","St. Gilloise","16/10/2022",1.69,2.13,4.17,1.79,3.78,11,7,14,4,1,2,1,1,1.09090909090909,1.72727272727273,1.45454545454545,1.36363636363636,1,2.2,1.2,1,5,1.33333333333333,2.33333333333333,1.66666666666667,0.666666666666667,0.545454545454545,0.818181818181818,"A",949.229621172316,1203.7254330052,0.256919190749887,0.956625636811852,1.14516923277279
"18/10/2022CharleroiKortrijk","Charleroi","Kortrijk","18/10/2022",1.7,2.13,1.69,4.65,3.95,12,4,11,16,1,1,2,3,1.41666666666667,0.833333333333333,1.58333333333333,1.75,1.2,1.2,1.8,2.8,2.27272727272727,0.666666666666667,1.33333333333333,1,2,0.666666666666667,0.583333333333333,"D",1002.49486339267,873.175290160017,0.759031278741986,1.09169262266933,1.02463246432308
"18/10/2022EupenOud-Heverlee Leuven","Eupen","Oud-Heverlee Leuven","18/10/2022",1.68,2.17,2.71,2.45,3.55,12,6,17,7,1,0,5,1,0.833333333333333,1.75,2.08333333333333,1.58333333333333,0.6,1.6,2.4,1.6,4.25,0.666666666666667,1.66666666666667,3,2,0.583333333333333,0.666666666666667,"H",855.347885974741,1032.47018719768,0.350544757681454,1.05558171517471,1.21549372631387
"18/10/2022GenkWesterlo","Genk","Westerlo","18/10/2022",1.54,2.42,1.59,5.02,4.32,12,7,1,8,1,2,0,2,2.25,1.83333333333333,0.916666666666667,1.66666666666667,1.6,2.2,0.6,1,3.5,1.66666666666667,2,0.666666666666667,0.666666666666667,0.75,0.583333333333333,"H",1186.41465097025,981.079948063652,0.829905054099701,1.1678395243101,1.23615650777516
"18/10/2022SeraingCercle Brugge","Seraing","Cercle Brugge","18/10/2022",1.96,1.83,3.83,1.93,3.56,12,1,14,12,2,5,2,1,1.08333333333333,1.25,1.75,1.75,1.2,2.4,1.4,2,2.5,1.66666666666667,3.33333333333333,1,2,0.5,0.5,"A",902.775809731767,1006.6501771084,0.451404703377483,1.01992589299806,1.13909239138261
"19/10/2022St. GilloiseGent","St. Gilloise","Gent","19/10/2022",1.8,2,2.13,3.29,3.47,12,2,4,6,6,3,1,0,2.08333333333333,1.91666666666667,1.33333333333333,1.16666666666667,2.8,2.4,1,1,1,3.66666666666667,3.33333333333333,0.666666666666667,1.33333333333333,0.833333333333333,0.666666666666667,"H",1214.00220011504,1129.44711157431,0.708826334262364,1.23425851116188,1.07590976608148
"19/10/2022Club BruggeSt Truiden","Club Brugge","St Truiden","19/10/2022",1.75,2.05,1.46,6.55,4.49,12,3,3,10,1,2,0,1,1.91666666666667,1,1,1,1.2,1.2,1,1.2,2.83333333333333,1.33333333333333,0.666666666666667,0.666666666666667,1.33333333333333,0.666666666666667,0.416666666666667,"H",1202.90392304791,1062.19821434013,0.770815114933264,1.11967720284517,0.83581086586215
"19/10/2022MechelenStandard","Mechelen","Standard","19/10/2022",1.69,2.14,2.54,2.58,3.6,12,2,14,5,0,3,3,0,1.41666666666667,1.58333333333333,2,1.25,1,1.8,2,0.6,3.7,0.333333333333333,1.33333333333333,3,0.666666666666667,0.75,0.583333333333333,"H",986.247770281876,1040.46369953553,0.522699531395043,1.29256636769005,0.951896229532683
"20/10/2022AntwerpOostende","Antwerp","Oostende","20/10/2022",1.69,2.14,1.57,5.35,4.17,12,3,2,15,0,1,3,6,2,1.08333333333333,0.916666666666667,1.83333333333333,1.4,1.2,1.2,2.2,2.8,1,1,1.66666666666667,3,0.583333333333333,0.583333333333333,"H",1179.89111381007,938.952854062483,0.85691552590396,1.03663591374521,1.03104702819495
"20/10/2022WaregemAnderlecht","Waregem","Anderlecht","20/10/2022",1.57,2.37,4.93,1.6,4.24,12,5,18,9,3,0,1,1,1,1.58333333333333,2.16666666666667,1.08333333333333,1,1.6,2.6,1.2,4,1.66666666666667,1,2.66666666666667,1,0.5,0.583333333333333,"H",880.608424079675,1082.80857465637,0.318427995774345,1.19699738404526,1.05715511861716
"21/10/2022Cercle BruggeCharleroi","Cercle Brugge","Charleroi","21/10/2022",1.75,2.07,1.99,3.55,3.64,13,5,12,10,1,2,0,2,1.23076923076923,1.46153846153846,1.61538461538462,1.61538461538462,2.6,1.2,1.6,1.6,3.875,2.33333333333333,1,1,1.66666666666667,0.461538461538462,0.692307692307692,"H",1024.70636710372,992.133613370298,0.643469881265624,1.10174703964097,1.11518476812214
"22/10/2022KortrijkWesterlo","Kortrijk","Westerlo","22/10/2022",1.71,2.11,2.89,2.3,3.57,13,2,16,8,2,1,2,6,0.923076923076923,1.76923076923077,1.76923076923077,2,1.4,2,2.4,2,5,1.33333333333333,1.66666666666667,2.33333333333333,2.66666666666667,0.615384615384615,0.615384615384615,"A",883.536540182392,974.276147071725,0.470188716799235,1.0466815414971,1.29422816675537
"22/10/2022MechelenEupen","Mechelen","Eupen","22/10/2022",1.72,2.1,1.92,3.69,3.75,13,3,13,14,2,4,0,2,1.46153846153846,1.07692307692308,1.84615384615385,2.07692307692308,0.6,1.4,1.8,2.6,2.4,1,1.66666666666667,2,3.66666666666667,0.692307692307692,0.615384615384615,"H",1005.33979070658,881.32609573159,0.753400729983206,1.26995943646834,1.10152794358432
"22/10/2022St TruidenOud-Heverlee Leuven","St Truiden","Oud-Heverlee Leuven","22/10/2022",1.68,2.16,2.03,3.4,3.66,13,0,11,7,0,2,3,4,0.923076923076923,1.76923076923077,1.15384615384615,1.76923076923077,1,1.4,1.4,2,3.75,0.666666666666667,2.33333333333333,2,2.33333333333333,0.461538461538462,0.692307692307692,"D",1053.03081929167,1006.49197744083,0.661693744140749,0.84760719550665,1.26840043318159
"22/10/2022St. GilloiseClub Brugge","St. Gilloise","Club Brugge","22/10/2022",1.74,2.08,2.57,2.61,3.46,13,4,4,3,2,3,0,0,2.07692307692308,2,1.23076923076923,0.923076923076923,3,1.4,0.6,1,0.5,3.33333333333333,1.33333333333333,0.666666666666667,0.666666666666667,0.769230769230769,0.692307692307692,"D",1225.64914728913,1212.07131809637,0.618010538875709,1.20972342454625,1.13547991841117
"23/10/2022AntwerpGenk","Antwerp","Genk","23/10/2022",1.62,2.27,2.64,2.51,3.5,13,4,2,1,3,6,0,1,2.07692307692308,2.53846153846154,0.846153846153846,0.923076923076923,1.6,2.4,1.2,0.6,4.3,1.66666666666667,3,1,0.666666666666667,0.615384615384615,0.769230769230769,"A",1185.6144910871,1193.21845196218,0.588841980900217,1.04299738990612,1.22270181575361
"23/10/2022GentSeraing","Gent","Seraing","23/10/2022",1.59,2.33,1.39,7.23,4.94,13,3,8,15,0,0,2,1,1.76923076923077,1,1.23076923076923,1.69230769230769,2,1.2,1.4,1.2,2,2.33333333333333,1,0.666666666666667,1.33333333333333,0.615384615384615,0.461538461538462,"H",1117.80016440022,884.719619736455,0.851279547157842,1.05452239944581,0.986487436633533
"23/10/2022OostendeWaregem","Oostende","Waregem","23/10/2022",1.67,2.16,2.09,3.25,3.64,13,3,16,18,0,3,3,2,1,1.15384615384615,1.92307692307692,2.15384615384615,1,1.6,2.8,2.6,2.5,0.666666666666667,2.66666666666667,3.33333333333333,2.66666666666667,0.615384615384615,0.538461538461538,"H",933.229476785452,907.871301778851,0.633886361410969,1.03737420729774,1.23174101227675
"28/10/2022GenkMechelen","Genk","Mechelen","28/10/2022",1.42,2.78,1.35,7.6,5.28,14,4,1,11,3,2,1,1,2.57142857142857,1.5,0.928571428571429,1.78571428571429,2.8,1,0.8,2,2.77777777777778,3.33333333333333,1.33333333333333,0.666666666666667,1.33333333333333,0.785714285714286,0.714285714285714,"H",1216.77213337929,1015.20376172222,0.826822476739645,1.23826873857998,1.26093125848852
"29/10/2022WaregemStandard","Waregem","Standard","29/10/2022",1.7,2.11,3.02,2.19,3.61,13.5,3,18,6,1,0,2,2,1.14285714285714,1.46153846153846,2.14285714285714,1.30769230769231,1.8,1.4,2.4,0.8,3.54545454545455,2.33333333333333,1.33333333333333,1.66666666666667,0.666666666666667,0.571428571428571,0.538461538461538,"A",893.226754899715,1021.37167911082,0.41709530616548,1.22799229962998,0.935247604650308
"29/10/2022KortrijkCercle Brugge","Kortrijk","Cercle Brugge","29/10/2022",1.73,2.08,3.56,1.97,3.64,14,2,17,9,0,4,2,1,0.857142857142857,1.42857142857143,1.78571428571429,1.57142857142857,1.2,3,2,1.4,2.25,1,3.33333333333333,2.33333333333333,0.666666666666667,0.571428571428571,0.5,"D",864.728991905595,1038.96757429713,0.354333257578984,1.02525391587144,1.13633092677421
"29/10/2022WesterloSt Truiden","Westerlo","St Truiden","29/10/2022",2.05,1.75,2.19,3.26,3.33,14,5,7,10,2,0,0,0,1.78571428571429,0.857142857142857,1.85714285714286,1.07142857142857,1.8,0.4,1.6,1.4,2.5,1.66666666666667,0.666666666666667,2.66666666666667,1.33333333333333,0.571428571428571,0.428571428571429,"A",993.083695348522,1046.56306736885,0.523757152177241,1.26773277581559,0.805226835731318
"29/10/2022Club BruggeOostende","Club Brugge","Oostende","29/10/2022",1.45,2.66,1.26,9.57,5.91,14,6,3,14,2,2,2,1,2,1.07142857142857,1,1.85714285714286,1.8,1,0.8,2.6,3.16666666666667,2,1,0.666666666666667,3.33333333333333,0.714285714285714,0.642857142857143,"H",1216.79174123826,947.874023664589,0.875552056965638,1.14483674080556,1.03421703564267
"30/10/2022AnderlechtEupen","Anderlecht","Eupen","30/10/2022",1.61,2.26,1.44,6.48,4.64,13.5,6,12,16,2,1,3,2,1.61538461538462,1.07142857142857,1.23076923076923,2.07142857142857,1.8,1.4,1.4,2.6,3.16666666666667,1.66666666666667,2,1.66666666666667,3,0.615384615384615,0.642857142857143,"H",1055.54569695719,871.462124715952,0.811933493551316,1.08783973406731,1.09369714990789
"30/10/2022SeraingSt. Gilloise","Seraing","St. Gilloise","30/10/2022",1.8,1.98,5.68,1.54,4.11,14,3,17,4,1,2,2,2,1,2.07142857142857,1.71428571428571,1.28571428571429,1.2,3,1.2,0.8,5,1,3.33333333333333,1.66666666666667,1,0.5,0.785714285714286,"A",878.770800009643,1220.92872414724,0.172692083790507,0.994060860459428,1.21969204402271
"30/10/2022Oud-Heverlee LeuvenGent","Oud-Heverlee Leuven","Gent","30/10/2022",1.7,2.1,3.58,1.95,3.67,14,2,8,6,0,2,0,1,1.64285714285714,1.78571428571429,1.64285714285714,1.21428571428571,1.4,2.4,2,1.4,3.5,0.666666666666667,1.66666666666667,1.66666666666667,1,0.642857142857143,0.642857142857143,"D",1012.95972936364,1123.74898412703,0.441567689916817,1.20498041152251,1.06261813870039
"30/10/2022CharleroiAntwerp","Charleroi","Antwerp","30/10/2022",1.71,2.08,3.27,2.08,3.57,14,1,13,2,1,1,4,3,1.42857142857143,2,1.78571428571429,1,1,1.4,1.8,1.6,2.5,1.33333333333333,1.33333333333333,2.66666666666667,2,0.714285714285714,0.642857142857143,"H",977.872406176887,1162.06080966999,0.341341607752835,1.15019046613246,1.05627639192246
"04/11/2022GenkCharleroi","Genk","Charleroi","04/11/2022",1.45,2.69,1.39,7.06,5.06,15,5,1,12,3,1,1,0,2.6,1.4,0.933333333333333,1.66666666666667,3,1,0.8,1.8,2.66666666666667,4,1.33333333333333,1,2,0.8,0.666666666666667,"H",1223.69923194717,1004.21874204761,0.841093080055405,1.23980047319499,1.11161538096432
"05/11/2022MechelenWaregem","Mechelen","Waregem","05/11/2022",1.59,2.33,1.77,4.06,4,15,4,13,18,1,0,3,3,1.46666666666667,1.06666666666667,1.86666666666667,2.2,1.2,1.8,2,2.6,3.2,1.66666666666667,1.33333333333333,1.33333333333333,2.33333333333333,0.733333333333333,0.6,"D",1008.27666315434,876.542944008482,0.761563967066506,1.26249102657084,1.23074681848605
"05/11/2022Cercle BruggeOud-Heverlee Leuven","Cercle Brugge","Oud-Heverlee Leuven","05/11/2022",1.57,2.37,1.86,3.69,3.94,15,3,11,7,1,1,1,1,1.4,1.6,1.53333333333333,1.6,2.4,1.6,1,1.6,3.25,2,1,0.666666666666667,1.66666666666667,0.466666666666667,0.6,"H",1033.14090552788,1015.2970191985,0.623790906196201,1.11852910584233,1.18237426428273
"05/11/2022SeraingSt Truiden","Seraing","St Truiden","05/11/2022",2.16,1.68,3.6,2.07,3.32,15,3,17,9,1,3,2,2,1,1,1.73333333333333,1.13333333333333,1,1,1.6,1.6,3,0.666666666666667,1,1.66666666666667,1.66666666666667,0.533333333333333,0.466666666666667,"A",871.863117452075,1067.51335506295,0.326666435593512,0.993550562682307,0.843846470998978
"05/11/2022EupenStandard","Eupen","Standard","05/11/2022",1.72,2.1,3.01,2.23,3.57,14.5,2,16,5,2,3,4,0,1.13333333333333,1.57142857142857,2.2,1.21428571428571,1.6,1.4,3.4,0.8,3.08333333333333,2.33333333333333,2,2.66666666666667,0.666666666666667,0.666666666666667,0.571428571428571,"H",863.93946348201,1038.05549000206,0.354494734750135,1.14932265913475,0.937345465657155
"06/11/2022GentClub Brugge","Gent","Club Brugge","06/11/2022",1.8,2,2.77,2.44,3.45,15,2,6,3,1,4,1,2,1.73333333333333,2.13333333333333,1.2,1.06666666666667,2,2,0.8,1.2,2.91666666666667,1,3,1.33333333333333,1.33333333333333,0.6,0.733333333333333,"H",1121.41169429217,1221.76965851872,0.45642217236421,1.04268279213922,1.20362470782418
"06/11/2022St. GilloiseWesterlo","St. Gilloise","Westerlo","06/11/2022",1.69,2.11,1.57,5.45,4.13,15,2,4,10,2,2,1,3,2.06666666666667,1.8,1.26666666666667,1.93333333333333,2.8,1.8,1,2.2,0,2,1.66666666666667,1,3,0.8,0.6,"D",1227.83640670481,972.13340765443,0.867023905933364,1.21906591924143,1.32853474520647
"06/11/2022AntwerpAnderlecht","Antwerp","Anderlecht","06/11/2022",1.81,1.98,2.19,3.2,3.41,14.5,0,2,11,0,4,1,2,1.86666666666667,1.78571428571429,1,1.28571428571429,1.2,1.8,1.4,1.6,2,1.33333333333333,2,1.33333333333333,2,0.6,0.642857142857143,"D",1135.71447379927,1063.06835819113,0.694477631545797,1.02085099675595,1.14316733473793
"06/11/2022OostendeKortrijk","Oostende","Kortrijk","06/11/2022",1.69,2.14,2.15,3.16,3.55,15,4,15,16,2,1,4,1,1.13333333333333,0.866666666666667,2,1.73333333333333,1.2,1,3,2,2.91666666666667,1.33333333333333,1,2.66666666666667,1.66666666666667,0.666666666666667,0.533333333333333,"H",942.896106384122,870.555660674842,0.694104122647121,1.08732462278971,1.00919223331927
"11/11/2022Oud-Heverlee LeuvenSeraing","Oud-Heverlee Leuven","Seraing","11/11/2022",1.76,2.04,1.57,5.45,4.13,16,5,10,18,1,1,2,2,1.5625,1,1.625,1.75,0.8,1,1.6,1.8,3,0.666666666666667,1,1,2,0.625,0.5625,"H",1000.24865470764,858.796456868536,0.771573371048231,1.17689742742801,1.0149760160289
"12/11/2022WesterloOostende","Westerlo","Oostende","12/11/2022",1.63,2.24,1.77,4.12,3.92,16,6,9,14,1,3,1,1,1.75,1.25,1.875,1.9375,1.6,1.6,2.4,3,4.5,1.66666666666667,2.33333333333333,1.33333333333333,2,0.5625,0.6875,"H",986.814363866554,955.131939243542,0.642293264553481,1.29492001537631,1.11222971118553
"12/11/2022St TruidenCercle Brugge","St Truiden","Cercle Brugge","12/11/2022",2.01,1.78,2.44,2.86,3.29,16,1,8,10,2,2,1,1,1.0625,1.4375,1.125,1.5,1.4,2.6,1.4,0.8,2.125,1.66666666666667,2.33333333333333,1,1,0.5,0.5,"A",1080.58001564649,1048.18927001874,0.643229358953202,0.862043625603032,1.11334800404147
"12/11/2022WaregemEupen","Waregem","Eupen","12/11/2022",1.63,2.23,2.28,2.84,3.68,16,10,17,15,2,2,2,0,1.125,1.1875,2.1875,2.0625,1.8,2,2,2.6,3.5,1,1.66666666666667,2.33333333333333,2,0.625,0.625,"D",887.005499310523,889.759675489336,0.595583893052902,1.23257626458541,1.13453022703382
"13/11/2022Club BruggeAntwerp","Club Brugge","Antwerp","13/11/2022",1.71,2.1,1.82,3.99,3.79,16,4,4,2,0,0,2,0,2,1.75,1.125,0.9375,2,0.8,1.2,1.4,2.8,2,0.333333333333333,2,1.33333333333333,0.6875,0.5625,"D",1200.02654745694,1127.93536777489,0.693799335154334,1.18180605048793,0.969808446918151
"13/11/2022StandardSt. Gilloise","Standard","St. Gilloise","13/11/2022",1.74,2.05,3.34,2.06,3.6,15.5,5,8,3,0,1,2,1,1.46666666666667,2,1.26666666666667,1.25,1.4,2.6,0.8,1,4,1,1.66666666666667,1.33333333333333,1.33333333333333,0.533333333333333,0.75,"A",1012.23527799473,1213.15545049268,0.320029278821022,0.925281299823787,1.18822098148702
"13/11/2022AnderlechtGenk","Anderlecht","Genk","13/11/2022",1.67,2.16,2.62,2.54,3.45,15.5,2,11,1,0,4,0,1,1.66666666666667,2.6875,1.2,0.9375,1.8,3.4,1.4,0.8,1.5,2,3.33333333333333,1.66666666666667,1,0.6,0.8125,"A",1070.84746421551,1230.0555090558,0.37436812659721,1.08600896800103,1.26776962220632
"13/11/2022KortrijkGent","Kortrijk","Gent","13/11/2022",1.73,2.08,4.64,1.69,3.93,16,4,17,5,1,2,3,0,0.875,1.75,1.8125,1.125,1,1.6,2.2,0.8,2.5,0.666666666666667,1.66666666666667,2,0.666666666666667,0.5625,0.5625,"A",858.319827815422,1143.15480535396,0.225012721960434,1.03230770523299,1.02378160275335
"23/12/2022SeraingEupen","Seraing","Eupen","23/12/2022",1.83,1.95,2.74,2.47,3.43,17,1,18,15,0,5,5,5,0.941176470588235,1.41176470588235,1.94117647058824,2.23529411764706,0.6,2.8,2.4,2.6,2.33333333333333,0.666666666666667,3,3,3,0.588235294117647,0.647058823529412,"A",849.65939162277,893.583032532597,0.537456650373065,1.04919638728057,1.240065480529
"23/12/2022GentStandard","Gent","Standard","23/12/2022",1.75,2.05,1.52,6.01,4.19,16.5,0,5,8,4,2,0,3,1.88235294117647,1.5,1.05882352941176,1.375,1.8,1.6,0.8,1.4,2.46153846153846,2.33333333333333,1.66666666666667,0.333333333333333,1.66666666666667,0.588235294117647,0.5625,"D",1152.15531513427,999.434105463852,0.782804699443328,1.05008879586296,0.963176664398345
"23/12/2022MechelenCercle Brugge","Mechelen","Cercle Brugge","23/12/2022",1.74,2.08,2.59,2.58,3.47,16.5,2,13,9,2,1,2,0,1.5,1.41176470588235,1.875,1.41176470588235,1.4,1.8,1.8,0.6,3.28571428571429,1.66666666666667,1.33333333333333,2,0.666666666666667,0.75,0.470588235294118,"D",997.814107852299,1073.91844678788,0.491216109951139,1.26436765891256,1.08088128580722
"26/12/2022Club BruggeOud-Heverlee Leuven","Club Brugge","Oud-Heverlee Leuven","26/12/2022",1.48,2.57,1.44,6.21,4.75,17,2,4,9,2,5,2,0,2,1.76470588235294,1.17647058823529,1.52941176470588,2.2,1.8,1.6,1.4,3.2,2,2.33333333333333,2,1,0.705882352941177,0.647058823529412,"D",1192.27457015299,1009.38571995341,0.810881101817908,1.20520626478077,1.21657705163164
"26/12/2022St. GilloiseOostende","St. Gilloise","Oostende","26/12/2022",1.45,2.65,1.33,8.08,5.28,17,3,2,15,3,0,2,6,2.05882352941176,1.17647058823529,1.29411764705882,2.17647058823529,2,1.4,1.2,3,5.66666666666667,2,1.66666666666667,1.33333333333333,3.66666666666667,0.764705882352941,0.705882352941177,"H",1225.95662302356,940.82366583805,0.885371341418793,1.23688517398412,1.14928804196632
"26/12/2022KortrijkGenk","Kortrijk","Genk","26/12/2022",1.51,2.48,6.27,1.44,4.73,17,1,17,1,0,2,4,0,0.823529411764706,2.64705882352941,1.94117647058824,0.882352941176471,0.8,3.6,2.4,0.8,2.92307692307692,0.666666666666667,3,2.66666666666667,0.666666666666667,0.588235294117647,0.764705882352941,"H",849.319318035111,1245.03023170143,0.132970851062694,1.05883398591342,1.24121324946581
"26/12/2022CharleroiAnderlecht","Charleroi","Anderlecht","26/12/2022",1.75,2.04,3.01,2.18,3.59,16,1,13,11,1,0,4,2,1.375,1.5625,1.8125,1.25,1.2,1.2,2.4,1.6,2.61538461538462,1,1.33333333333333,2.66666666666667,1.33333333333333,0.6875,0.5625,"A",997.862464938978,1055.87274156988,0.517247862934588,1.13669275180397,1.06325999338562
"27/12/2022St TruidenWaregem","St Truiden","Waregem","27/12/2022",1.76,2.02,1.65,4.83,3.92,17,2,11,17,0,5,1,5,1,1.35294117647059,1.11764705882353,2.35294117647059,1,2.2,1.4,2.8,2.76923076923077,1.66666666666667,2.33333333333333,1.33333333333333,3.33333333333333,0.470588235294118,0.647058823529412,"H",1054.85083887734,883.182142267262,0.80077686586142,0.836905279464632,1.3472318686721
"27/12/2022WesterloAntwerp","Westerlo","Antwerp","27/12/2022",1.63,2.23,3.1,2.11,3.65,17,6,7,3,6,2,0,2,2,1.76470588235294,1.76470588235294,1,2.4,1.2,2,1.2,3,3,0.666666666666667,1.33333333333333,1,0.588235294117647,0.588235294117647,"D",1001.12263727205,1135.68734507883,0.408138931873639,1.33806539603093,0.98901102713131
"06/01/2023StandardSt Truiden","Standard","St Truiden","06/01/2023",2.27,1.63,2.37,3.09,3.17,17.5,2,8,10,0,2,0,0,1.41176470588235,1.05555555555556,1.29411764705882,1.05555555555556,1,1.4,1.4,0.8,2.53846153846154,0.666666666666667,1.33333333333333,1.66666666666667,0.666666666666667,0.529411764705882,0.444444444444444,"D",1010.74629382017,1062.81976436741,0.525775438136807,0.915017831178428,0.824750524549375
"07/01/2023EupenCharleroi","Eupen","Charleroi","07/01/2023",1.74,2.08,2.64,2.5,3.53,17.5,3,14,13,1,0,0,1,1.38888888888889,1.29411764705882,2.11111111111111,1.76470588235294,2.2,1,2.2,2.2,3.46153846153846,2.66666666666667,0.666666666666667,1.66666666666667,1.66666666666667,0.611111111111111,0.647058823529412,"A",915.081296205777,977.172554827574,0.511379568802174,1.19712441472444,1.09866818900678
"07/01/2023Cercle BruggeWesterlo","Cercle Brugge","Westerlo","07/01/2023",1.78,2.04,2.13,3.21,3.58,18,1,10,6,1,3,1,3,1.38888888888889,2.05555555555556,1.38888888888889,1.83333333333333,1.8,2.8,0.8,1.4,2,1.33333333333333,3.33333333333333,0.666666666666667,1.33333333333333,0.444444444444444,0.611111111111111,"A",1073.56708894531,1004.79708043133,0.689722938486974,1.05847358908608,1.39249545488606
"07/01/2023OostendeSeraing","Oostende","Seraing","07/01/2023",1.73,2.09,1.8,4.11,3.83,18,3,15,18,0,0,3,1,1.11111111111111,0.888888888888889,2.22222222222222,1.88888888888889,1.4,0.6,3,2.4,3.66666666666667,1,0.333333333333333,3.33333333333333,2.66666666666667,0.722222222222222,0.555555555555556,"A",936.238520831152,828.161127949591,0.735964032955815,1.14033258901058,1.01286474849574
"07/01/2023AntwerpGent","Antwerp","Gent","07/01/2023",1.98,1.82,2.46,2.79,3.36,18,2,3,5,3,0,3,0,1.83333333333333,1.77777777777778,1.11111111111111,1,1.2,1.8,1.8,0.4,1.90909090909091,1.66666666666667,2,1.66666666666667,0,0.611111111111111,0.555555555555556,"H",1132.01290191955,1140.84312677795,0.587131984620908,1.02924219114976,0.997584356069808
"08/01/2023GenkClub Brugge","Genk","Club Brugge","08/01/2023",1.58,2.34,2.18,3.04,3.67,18,4,1,4,0,1,1,1,2.5,1.94444444444444,0.888888888888889,1.16666666666667,2.4,1.8,0.8,1.8,3.38461538461538,2,1,0.666666666666667,1.66666666666667,0.722222222222222,0.666666666666667,"H",1210.34906538115,1179.83932783877,0.640740810248407,1.19804128934443,1.17782508562235
"08/01/2023WaregemMechelen","Waregem","Mechelen","08/01/2023",1.56,2.38,2.83,2.25,3.76,17.5,2,18,13,0,1,2,1,1.27777777777778,1.47058823529412,2.33333333333333,1.82352941176471,1.6,1.6,2.8,1.4,3.27272727272727,2.33333333333333,1.33333333333333,3,2,0.611111111111111,0.705882352941177,"H",875.213216777194,998.165465694874,0.424380121880868,1.32766540926559,1.23815611522414
"08/01/2023AnderlechtSt. Gilloise","Anderlecht","St. Gilloise","08/01/2023",1.86,1.94,2.7,2.51,3.41,17.5,4,11,2,1,3,0,0,1.52941176470588,2.11111111111111,1.17647058823529,1.22222222222222,1.4,2.2,1.4,1.2,2.66666666666667,0.333333333333333,2.33333333333333,0.666666666666667,1,0.529411764705882,0.777777777777778,"A",1076.56265168128,1230.54176803046,0.381444264010131,1.02769189785227,1.22724714889137
"08/01/2023Oud-Heverlee LeuvenKortrijk","Oud-Heverlee Leuven","Kortrijk","08/01/2023",1.59,2.32,1.68,4.53,4.08,18,5,9,16,1,1,1,0,1.72222222222222,0.833333333333333,1.5,1.83333333333333,1.6,0.6,0.8,2,3,2.33333333333333,0.666666666666667,1,2.33333333333333,0.611111111111111,0.555555555555556,"A",1021.82096226763,884.000484355395,0.767867874390392,1.18893753864188,1.0220055532209
"13/01/2023WesterloOud-Heverlee Leuven","Westerlo","Oud-Heverlee Leuven","13/01/2023",1.65,2.21,2,3.39,3.77,19,3,6,9,1,2,0,3,2,1.73684210526316,1.73684210526316,1.57894736842105,2.6,2,1.4,1.4,2,3.33333333333333,2.66666666666667,1,1.33333333333333,0.578947368421053,0.631578947368421,"A",1032.38599839034,991.106248198559,0.654884111483474,1.34176581585716,1.22733748816278
"14/01/2023SeraingStandard","Seraing","Standard","14/01/2023",1.95,1.85,3.91,1.91,3.55,18.5,2,18,8,2,1,1,1,0.947368421052632,1.38888888888889,1.84210526315789,1.27777777777778,0.8,1.2,2.2,1.2,1.33333333333333,0.666666666666667,1,2.33333333333333,1.33333333333333,0.578947368421053,0.5,"D",857.599688949316,1009.71527460377,0.383978479404375,1.01483773951011,0.917766454090086
"14/01/2023EupenSt Truiden","Eupen","St Truiden","14/01/2023",1.98,1.82,2.95,2.37,3.32,19,2,14,9,1,1,2,1,1.36842105263158,1.05263157894737,2.10526315789474,1.05263157894737,2.2,1.6,2.2,1,3.53846153846154,2.33333333333333,1,2.33333333333333,0.666666666666667,0.631578947368421,0.421052631578947,"A",894.626111073003,1063.85078358382,0.360963832247894,1.19187976880249,0.827227993414936
"14/01/2023MechelenOostende","Mechelen","Oostende","14/01/2023",1.63,2.23,1.74,4.26,3.97,18.5,3,13,16,0,1,2,2,1.38888888888889,1.10526315789474,1.83333333333333,2.21052631578947,1.2,1.2,1.8,3.2,2.63636363636364,1,0.333333333333333,1.66666666666667,3.66666666666667,0.666666666666667,0.736842105263158,"H",975.140673443383,906.799959831427,0.689193830433143,1.20637638218431,1.14255387862981
"14/01/2023GenkWaregem","Genk","Waregem","14/01/2023",1.34,3.17,1.25,9.45,6.39,19,1,1,17,3,2,1,0,2.52631578947368,1.31578947368421,0.894736842105263,2.21052631578947,2.4,1.8,0.8,2.4,3.46153846153846,1.66666666666667,2.33333333333333,0.666666666666667,2.33333333333333,0.736842105263158,0.578947368421053,"H",1224.71943628169,898.238009028685,0.907403039790567,1.20606102496158,1.29358824261924
"15/01/2023Club BruggeAnderlecht","Club Brugge","Anderlecht","15/01/2023",1.75,2.06,1.95,3.63,3.68,18.5,2,4,11,1,1,3,3,1.89473684210526,1.5,1.26315789473684,1.27777777777778,1.6,1.2,2,1.4,2.61538461538462,1.33333333333333,0.666666666666667,2,1.66666666666667,0.684210526315789,0.555555555555556,"D",1165.46895693822,1061.3048820091,0.731563404417741,1.18570949317487,1.04149384673958
"15/01/2023GentKortrijk","Gent","Kortrijk","15/01/2023",1.58,2.34,1.34,8.26,5.16,19,3,5,15,0,3,2,2,1.68421052631579,0.947368421052632,1.05263157894737,1.84210526315789,1.4,1.2,0.6,2,2.61538461538462,1.33333333333333,1.33333333333333,0.666666666666667,2,0.526315789473684,0.578947368421053,"H",1124.32840477528,914.715198424466,0.833353478592145,0.986568683060684,1.05501398333455
"15/01/2023St. GilloiseAntwerp","St. Gilloise","Antwerp","15/01/2023",1.88,1.91,2.13,3.29,3.44,19,2,2,3,3,2,1,0,2.15789473684211,1.84210526315789,1.21052631578947,1.05263157894737,2.4,1.4,1,1.2,3.66666666666667,3,2.33333333333333,1,1.66666666666667,0.789473684210526,0.578947368421053,"H",1245.79953770264,1148.52762392222,0.723700949520876,1.24372913386809,1.01787694132811
"15/01/2023CharleroiCercle Brugge","Charleroi","Cercle Brugge","15/01/2023",1.84,1.95,2.58,2.63,3.4,18.5,3,12,10,2,0,1,1,1.33333333333333,1.31578947368421,1.72222222222222,1.36842105263158,1,1,2,0.8,4,1,0.666666666666667,2,0.666666666666667,0.666666666666667,0.421052631578947,"H",997.627739960348,1045.97817098629,0.531115872968455,1.093854883417,1.01991261360314
"17/01/2023Oud-Heverlee LeuvenEupen","Oud-Heverlee Leuven","Eupen","17/01/2023",1.54,2.42,1.66,4.61,4.15,20,2,8,14,2,0,1,2,1.75,1.3,1.55,2.1,2.2,1.8,1.4,1.8,4.6,1.66666666666667,0.666666666666667,1.66666666666667,1.33333333333333,0.65,0.6,"D",1017.30161006583,880.18755632304,0.767142165588975,1.21068780604774,1.18064004341731
"17/01/2023StandardMechelen","Standard","Mechelen","17/01/2023",1.69,2.15,1.94,3.67,3.69,19,2,9,13,1,2,1,1,1.36842105263158,1.42105263157895,1.26315789473684,1.78947368421053,0.8,1.2,1.4,1.8,3.54545454545455,0.666666666666667,1,0.666666666666667,1.33333333333333,0.473684210526316,0.684210526315789,"H",1005.07441456127,987.572919554679,0.623328244421838,0.911293299389985,1.19857149797324
"17/01/2023WesterloGenk","Westerlo","Genk","17/01/2023",1.64,2.23,3.37,2.01,3.74,20,5,6,1,1,1,2,0,1.95,2.45,1.75,0.85,2.4,2,1.2,0.6,4.66666666666667,1.66666666666667,1.33333333333333,1.66666666666667,0.666666666666667,0.6,0.7,"A",1006.19063652307,1228.42331416281,0.293940558410409,1.32356383431394,1.161218843982
"18/01/2023Cercle BruggeSt. Gilloise","Cercle Brugge","St. Gilloise","18/01/2023",1.85,1.94,3.42,2.08,3.49,20,2,10,2,1,2,2,0,1.3,2.15,1.4,1.15,1,2.4,1,0.8,3.66666666666667,0.666666666666667,2.66666666666667,1.33333333333333,0.333333333333333,0.45,0.75,"D",1027.22280986011,1256.85149908733,0.285182760232144,1.02376886584604,1.22084015840833
"18/01/2023OostendeAntwerp","Oostende","Antwerp","18/01/2023",1.73,2.09,4.09,1.8,3.82,20,3,16,3,1,0,2,2,1.1,1.75,2.2,1.1,1,1.4,2.8,1.4,2.81818181818182,0.666666666666667,1.66666666666667,2.33333333333333,1.66666666666667,0.75,0.55,"A",894.367713720131,1137.47566253754,0.269632137784345,1.13516190639022,0.999144437845896
"18/01/2023AnderlechtWaregem","Anderlecht","Waregem","18/01/2023",1.57,2.36,1.55,5.27,4.41,19.5,5,12,17,1,0,1,1,1.47368421052632,1.25,1.26315789473684,2.15,0.6,1.8,1.2,2,4.07692307692308,1,0.666666666666667,1.33333333333333,1,0.526315789473684,0.55,"A",1070.56741705216,894.53413114757,0.804754814487617,1.02315423051547,1.24549173930141
"18/01/2023KortrijkSeraing","Kortrijk","Seraing","18/01/2023",1.81,1.99,1.83,4.17,3.66,20,5,15,18,1,1,2,1,0.95,0.95,1.85,1.8,1.2,0.8,2.2,2,1.66666666666667,1.66666666666667,1,1.33333333333333,1,0.6,0.55,"H",908.049337771233,862.240548991809,0.66075241789705,1.0630801345607,1.00767992539076
"19/01/2023GentCharleroi","Gent","Charleroi","19/01/2023",1.76,2.05,1.56,5.52,4.17,19.5,0,5,11,2,2,1,1,1.7,1.36842105263158,1.05,1.68421052631579,1.6,1.2,0.6,1.4,2.46153846153846,0.666666666666667,1.33333333333333,1,1,0.55,0.684210526315789,"D",1130.99426542851,1016.38310108652,0.743207610623628,0.99411153303069,1.0979907086743
"19/01/2023St TruidenClub Brugge","St Truiden","Club Brugge","19/01/2023",1.97,1.82,3.53,2.07,3.39,20,2,9,4,2,1,0,1,1.1,1.85,1,1.25,1.4,1,0.6,1.8,2.84615384615385,1.66666666666667,1,0.333333333333333,1.66666666666667,0.4,0.65,"D",1078.28933833378,1156.20642189516,0.488608348894356,0.819427025800343,1.16483039040706
"21/01/2023WaregemWesterlo","Waregem","Westerlo","21/01/2023",1.74,2.08,2.89,2.31,3.52,21,2,16,9,3,2,2,3,1.33333333333333,1.95238095238095,2.14285714285714,1.80952380952381,2,2.6,2,1.6,3,1.66666666666667,1.33333333333333,1,1.66666666666667,0.571428571428571,0.619047619047619,"D",926.724323217113,994.433013118109,0.503297397960744,1.28095412787483,1.34350205426194
"21/01/2023MechelenKortrijk","Mechelen","Kortrijk","21/01/2023",1.62,2.26,1.8,4.06,3.88,20.5,5,13,14,0,3,2,2,1.35,1.04761904761905,1.8,1.85714285714286,1,1.6,1.6,2,3.18181818181818,0.666666666666667,2.33333333333333,1.66666666666667,2,0.65,0.619047619047619,"H",972.506049061597,921.619241634495,0.667273762736069,1.18253658500184,1.10916398846706
"21/01/2023OostendeCercle Brugge","Oostende","Cercle Brugge","21/01/2023",1.73,2.1,3.07,2.19,3.59,21,3,17,10,0,1,3,1,1.04761904761905,1.28571428571429,2.23809523809524,1.38095238095238,0.4,0.8,3.2,1,2.625,0.666666666666667,0.666666666666667,2.33333333333333,1.33333333333333,0.761904761904762,0.428571428571429,"A",883.582425887885,1035.81549894517,0.383818500677509,1.13845518875676,1.00534474450408
"21/01/2023St. GilloiseOud-Heverlee Leuven","St. Gilloise","Oud-Heverlee Leuven","21/01/2023",1.59,2.33,1.5,5.88,4.5,21,1,2,8,1,1,1,1,2.0952380952381,1.71428571428571,1.14285714285714,1.52380952380952,2.4,2.2,0.8,1.2,4,2,1.66666666666667,0.666666666666667,1.66666666666667,0.714285714285714,0.619047619047619,"H",1248.25881000228,1006.61592123171,0.857412188616619,1.19886946954678,1.18403334402919
"22/01/2023AntwerpStandard","Antwerp","Standard","22/01/2023",1.89,1.9,1.7,4.82,3.77,20.5,5,3,6,3,2,0,0,1.80952380952381,1.4,1.04761904761905,1.2,2,1.2,1.4,1,2.72727272727273,1.66666666666667,1.33333333333333,0.666666666666667,0.666666666666667,0.571428571428571,0.45,"H",1148.26095036978,1020.14128505436,0.757765676918173,1.00204311224667,0.8991016956585
"22/01/2023SeraingAnderlecht","Seraing","Anderlecht","22/01/2023",1.88,1.9,5.5,1.58,4.01,20.5,1,18,13,2,2,3,3,1,1.5,1.85714285714286,1.35,1,1,2.2,1.8,4,1.66666666666667,1.33333333333333,1.66666666666667,2.33333333333333,0.571428571428571,0.55,"A",848.670645128547,1038.37722498261,0.334236298484151,1.05136221514144,1.05228609205109
"22/01/2023Club BruggeCharleroi","Club Brugge","Charleroi","22/01/2023",1.65,2.2,1.42,6.86,4.67,20.5,4,4,11,1,0,1,0,1.80952380952381,1.3,1.23809523809524,1.6,1.2,1,1.6,1.4,2,1,1.33333333333333,1.66666666666667,0.666666666666667,0.619047619047619,0.65,"D",1155.75075679673,1026.11140394448,0.759367826989984,1.15540346784357,1.04309117324059
"22/01/2023St TruidenGent","St Truiden","Gent","22/01/2023",2.08,1.73,3.37,2.14,3.33,21,3,8,5,1,0,1,0,1.0952380952381,1.61904761904762,1,1,1.2,1.2,0.6,0.6,2.92307692307692,1.33333333333333,0.666666666666667,0.666666666666667,1,0.380952380952381,0.523809523809524,"A",1078.74500343221,1121.26596257055,0.539463208447398,0.812795437903708,0.944405956379155
"27/01/2023StandardEupen","Standard","Eupen","27/01/2023",1.83,1.97,1.68,4.87,3.84,21,4,7,15,1,1,4,1,1.38095238095238,1.28571428571429,1.33333333333333,2.04761904761905,1,1.6,1.2,2,3,1.33333333333333,0.666666666666667,1.66666666666667,1.66666666666667,0.476190476190476,0.571428571428571,"H",1010.45191066512,890.873245157161,0.748626953160446,0.953942716230555,1.15464711193022
"28/01/2023WesterloMechelen","Westerlo","Mechelen","28/01/2023",1.7,2.14,1.97,3.6,3.63,21.5,2,7,13,1,3,1,2,1.90909090909091,1.42857142857143,1.77272727272727,1.80952380952381,1.6,1.2,1.8,1.6,5,1.33333333333333,1.66666666666667,2,1.66666666666667,0.590909090909091,0.666666666666667,"H",994.564909617859,985.815098172467,0.611428371764387,1.30755367476208,1.2135677495559
"28/01/2023KortrijkOostende","Kortrijk","Oostende","28/01/2023",1.65,2.21,2.08,3.26,3.66,22,4,14,17,2,1,3,2,1.09090909090909,1.04545454545455,1.90909090909091,2.22727272727273,2,0.6,1.8,2.4,3,2,0.666666666666667,2.33333333333333,2.33333333333333,0.636363636363636,0.772727272727273,"D",908.310192523625,868.229684393576,0.65332213014176,1.13826976893938,1.14121344951423
"28/01/2023Oud-Heverlee LeuvenSt Truiden","Oud-Heverlee Leuven","St Truiden","28/01/2023",1.95,1.85,2.31,2.99,3.38,22,2,9,8,0,0,1,3,1.63636363636364,1.04545454545455,1.5,1.09090909090909,1.2,1.2,1.4,1,3,1,1,1,1.33333333333333,0.590909090909091,0.409090909090909,"D",1000.91240846026,1057.16647275678,0.519771625165788,1.14151406011301,0.835687666833718
"28/01/2023CharleroiSt. Gilloise","Charleroi","St. Gilloise","28/01/2023",1.83,1.97,3.47,2.04,3.53,21.5,1,12,2,2,1,2,0,1.33333333333333,2.04545454545455,1.61904761904762,1.09090909090909,1.2,2,1,0.4,2.66666666666667,1.33333333333333,1.33333333333333,1,0.333333333333333,0.666666666666667,0.681818181818182,"A",1036.48611504035,1253.96232277373,0.299655001814203,1.06017649677253,1.15581741226211
"29/01/2023AnderlechtAntwerp","Anderlecht","Antwerp","29/01/2023",1.94,1.86,2.72,2.48,3.41,21.5,0,11,3,1,4,0,1,1.47619047619048,1.90909090909091,1.28571428571429,1.04545454545455,1.2,2.4,1.4,1.2,1.81818181818182,1.33333333333333,2.33333333333333,1.33333333333333,1,0.523809523809524,0.590909090909091,"D",1051.74667795421,1157.95032475902,0.44808658971806,1.01869472712809,1.06316308031942
"29/01/2023Cercle BruggeGent","Cercle Brugge","Gent","29/01/2023",2.04,1.77,3.16,2.23,3.33,22,5,10,4,2,3,1,0,1.31818181818182,1.68181818181818,1.36363636363636,0.954545454545455,1,1,1.2,0.6,4,1.33333333333333,1.66666666666667,1.33333333333333,0.333333333333333,0.454545454545455,0.545454545454545,"H",1051.16824043947,1142.84449324598,0.468845708282672,1.00778050392956,0.971004970532158
"29/01/2023WaregemClub Brugge","Waregem","Club Brugge","29/01/2023",1.55,2.39,4.72,1.64,4.11,22,3,15,5,1,2,1,2,1.31818181818182,1.81818181818182,2.09090909090909,1.27272727272727,1.2,1.2,1.2,1.6,3.69230769230769,1.33333333333333,1.33333333333333,1.33333333333333,1.33333333333333,0.545454545454545,0.636363636363636,"A",926.592426717363,1145.37604570086,0.298077966714797,1.24667935697688,1.17432841186041
"29/01/2023GenkSeraing","Genk","Seraing","29/01/2023",1.45,2.69,1.21,12.02,6.4,21.5,4,1,18,3,0,2,1,2.47619047619048,0.954545454545455,0.904761904761905,1.81818181818182,1.8,1,0.8,1.4,3,2.33333333333333,1,1,1.66666666666667,0.714285714285714,0.545454545454545,"H",1240.18093756777,835.30119215695,0.938981993604791,1.17871149232947,1.01780034247027
"01/02/2023EupenGenk","Eupen","Genk","01/02/2023",1.57,2.36,5.38,1.55,4.31,22,2,15,1,1,4,3,0,1.27272727272727,2.54545454545455,2.09090909090909,0.863636363636364,0.8,2.2,1.6,0.8,3.53846153846154,0.666666666666667,2.66666666666667,2,0.666666666666667,0.590909090909091,0.727272727272727,"D",880.818321789,1242.62165722449,0.1571278610297,1.180777234278,1.1983767951757
"03/02/2023OostendeAnderlecht","Oostende","Anderlecht","03/02/2023",1.72,2.12,3.52,1.96,3.75,22.5,2,17,11,2,0,2,0,1.08695652173913,1.40909090909091,2.21739130434783,1.22727272727273,1,1,2.2,1.4,3.30769230769231,1,1,2.33333333333333,1,0.782608695652174,0.5,"A",874.362570023243,1053.82321703075,0.347486533723709,1.15443488606312,0.967759990771683
"04/02/2023Cercle BruggeStandard","Cercle Brugge","Standard","04/02/2023",1.85,1.95,2.12,3.33,3.47,22.5,2,8,7,3,3,2,1,1.39130434782609,1.45454545454545,1.39130434782609,1.31818181818182,1.4,1.6,1.4,1.4,1.77777777777778,2,2,1.33333333333333,1.66666666666667,0.478260869565217,0.5,"D",1072.41440940204,1020.50683403328,0.668577108169716,1.06037756328958,0.975530818457049
"04/02/2023EupenWesterlo","Eupen","Westerlo","04/02/2023",1.78,2.02,3.05,2.22,3.53,23,2,15,6,1,2,1,0,1.26086956521739,1.91304347826087,2.04347826086957,1.69565217391304,0.8,1.4,1.8,1.2,3.33333333333333,1,1.66666666666667,1.66666666666667,1.33333333333333,0.565217391304348,0.565217391304348,"D",894.533205378908,1010.10777412116,0.434786486095757,1.15511685599354,1.27513665598449
"04/02/2023SeraingOud-Heverlee Leuven","Seraing","Oud-Heverlee Leuven","04/02/2023",1.86,1.94,4.07,1.86,3.63,23,3,18,11,0,1,4,1,0.91304347826087,1.60869565217391,1.91304347826087,1.47826086956522,1,1.2,2,1.4,3.66666666666667,0.666666666666667,0.666666666666667,2.66666666666667,1,0.565217391304348,0.565217391304348,"H",832.860472500229,1000.12154140159,0.363575382779501,1.03478104733479,1.13230312954268
"04/02/2023St TruidenKortrijk","St Truiden","Kortrijk","04/02/2023",1.97,1.83,1.78,4.45,3.65,23,1,9,14,1,2,1,2,1.04347826086957,1.1304347826087,1.08695652173913,1.91304347826087,1,2.2,1.2,2.2,2.23076923076923,0.666666666666667,2.33333333333333,1.66666666666667,2.33333333333333,0.391304347826087,0.652173913043478,"H",1057.95733981546,902.177306893958,0.785783505454692,0.828944463796058,1.15145710171394
"05/02/2023AntwerpClub Brugge","Antwerp","Club Brugge","05/02/2023",1.88,1.9,2.57,2.7,3.32,23,0,3,4,0,2,0,1,1.82608695652174,1.82608695652174,1,1.26086956521739,1.8,1.4,0.6,1.6,2.90909090909091,2.33333333333333,1.66666666666667,0.333333333333333,1.33333333333333,0.565217391304348,0.652173913043478,"D",1155.87378568248,1157.29916345489,0.597424949802221,1.01000492630345,1.16373984360104
"05/02/2023MechelenCharleroi","Mechelen","Charleroi","05/02/2023",1.8,2,2.25,3,3.52,22,4,13,12,0,0,2,1,1.36363636363636,1.27272727272727,1.81818181818182,1.59090909090909,1,1.2,1.8,1,2.5,1,0.666666666666667,2,1,0.636363636363636,0.636363636363636,"D",970.27223366917,1024.49991534148,0.522682584804136,1.18348084047939,1.02447144308999
"05/02/2023GentGenk","Gent","Genk","05/02/2023",1.77,2.04,2.33,2.88,3.49,23,5,5,1,2,1,3,1,1.69565217391304,2.47826086956522,1.04347826086957,0.869565217391304,1.4,2.4,1.2,0.8,2.69230769230769,1.66666666666667,2.66666666666667,1,1,0.565217391304348,0.695652173913043,"A",1121.59832428342,1228.90677363458,0.446514176353487,1.02168267850012,1.1723339472965
"05/02/2023St. GilloiseWaregem","St. Gilloise","Waregem","05/02/2023",1.59,2.32,1.36,7.69,5.03,23,4,2,16,1,1,0,2,2,1.30434782608696,1.04347826086957,2.08695652173913,1.6,1.4,0.4,1.2,3,1,1.66666666666667,0.333333333333333,1.66666666666667,0.652173913043478,0.565217391304348,"H",1265.9485224726,914.669308963328,0.918719746234131,1.11689132507034,1.23543842187255
"10/02/2023Oud-Heverlee LeuvenCercle Brugge","Oud-Heverlee Leuven","Cercle Brugge","10/02/2023",1.78,2.03,2.36,2.91,3.42,24,0,11,9,1,1,2,1,1.58333333333333,1.375,1.5,1.375,1,1.6,1.2,1.4,3.2,0.666666666666667,2,1.33333333333333,1.33333333333333,0.583333333333333,0.458333333333333,"D",974.664553041762,1065.67132633196,0.46980571307236,1.13367125383256,1.04836200274787
"10/02/2023Club BruggeSt. Gilloise","Club Brugge","St. Gilloise","10/02/2023",1.91,1.89,2.54,2.73,3.34,24,2,4,2,0,4,0,0,1.75,2.08333333333333,1.20833333333333,1,1.2,1.8,1,0.2,1.66666666666667,1.33333333333333,2,1,0,0.625,0.666666666666667,"D",1161.19616267793,1269.19973239095,0.445525648855124,1.10555285142099,1.12580109912521
"10/02/2023EupenMechelen","Eupen","Mechelen","10/02/2023",1.8,2,2.57,2.62,3.45,23.5,3,14,13,1,2,1,2,1.25,1.39130434782609,2,1.82608695652174,0.8,1.4,1.6,1.8,2.45454545454545,1,1.66666666666667,1.66666666666667,2,0.541666666666667,0.652173913043478,"H",897.141744166346,969.364929224149,0.496800601680384,1.12873020002751,1.20239584675403
"11/02/2023WesterloGent","Westerlo","Gent","11/02/2023",1.99,1.8,2.89,2.41,3.34,24,6,6,5,1,2,1,3,1.875,1.70833333333333,1.66666666666667,1.125,1.4,1.8,1.4,1.4,3,1.33333333333333,2.33333333333333,0.666666666666667,2,0.541666666666667,0.583333333333333,"D",1007.49923533372,1103.73775434706,0.462311243176768,1.24600835430959,1.05589847146933
"11/02/2023CharleroiSeraing","Charleroi","Seraing","11/02/2023",1.83,1.97,1.52,6.16,4.21,23.5,3,12,17,2,2,2,1,1.30434782608696,0.958333333333333,1.60869565217391,1.875,1.2,1,1.2,2,2.33333333333333,1.33333333333333,0.666666666666667,1.66666666666667,2,0.652173913043478,0.583333333333333,"H",1025.4072197865,858.317460860053,0.796538395540552,1.04084507848098,1.03603133892954
"12/02/2023GenkAntwerp","Genk","Antwerp","12/02/2023",1.76,2.05,1.99,3.57,3.6,24,1,1,3,3,0,2,0,2.5,1.75,0.916666666666667,0.958333333333333,2.4,1.4,1,0.6,4.27272727272727,2.66666666666667,1.33333333333333,1,0.333333333333333,0.708333333333333,0.541666666666667,"A",1246.76734357094,1151.97678645945,0.720835626737869,1.211594998184,0.959504679988275
"12/02/2023AnderlechtSt Truiden","Anderlecht","St Truiden","12/02/2023",2.08,1.73,1.86,4.22,3.51,23.5,4,11,9,2,1,0,0,1.43478260869565,1.04166666666667,1.17391304347826,1.04166666666667,1.2,1,0.8,1,2.91666666666667,1,0.666666666666667,0,1.33333333333333,0.478260869565217,0.375,"H",1067.72267592549,1066.52599832127,0.601049789040891,0.954020978787875,0.804866537274129
"12/02/2023StandardKortrijk","Standard","Kortrijk","12/02/2023",1.67,2.18,1.64,4.74,4.17,23.5,2,7,15,1,0,1,1,1.43478260869565,1.08333333333333,1.30434782608696,1.875,1.6,1.6,1.4,2,2.92307692307692,1.66666666666667,1.33333333333333,2,2,0.478260869565217,0.625,"A",1027.24991710336,893.608648388147,0.763552114663219,0.964476690177396,1.11801131529628
"12/02/2023WaregemOostende","Waregem","Oostende","12/02/2023",1.65,2.21,2.02,3.4,3.64,24,2,16,18,0,0,4,2,1.25,1.04166666666667,2.16666666666667,2.20833333333333,1,0.8,2,2.2,2.53846153846154,0.666666666666667,1,2.33333333333333,2,0.583333333333333,0.75,"D",911.418099044976,860.463111128497,0.667360919810614,1.24529388135238,1.13804570394628
"17/02/2023MechelenGenk","Mechelen","Genk","17/02/2023",1.66,2.21,4.01,1.82,3.83,24.5,4,13,1,1,0,2,1,1.375,2.4,1.83333333333333,0.92,1.2,2.2,2,1.2,2.9,1,1.33333333333333,2,1.33333333333333,0.666666666666667,0.68,"D",949.236954151472,1217.93391585515,0.241624953973855,1.19543313305083,1.1718593362893
"18/02/2023AntwerpEupen","Antwerp","Eupen","18/02/2023",1.64,2.22,1.36,8.17,5,25,2,3,14,1,2,0,1,1.72,1.28,0.92,1.96,1.6,1.2,0.2,1.4,2.63636363636364,0.333333333333333,1.33333333333333,0,1,0.52,0.56,"H",1180.81021417524,917.269719239024,0.872139934417897,0.928036612187118,1.1221940619893
"18/02/2023OostendeCharleroi","Oostende","Charleroi","18/02/2023",1.67,2.18,2.99,2.24,3.59,24.5,0,17,12,1,3,1,0,1.04,1.375,2.16,1.54166666666667,0.8,1.4,2,1,2.76923076923077,1,1.66666666666667,1.66666666666667,1,0.72,0.666666666666667,"D",867.15754730327,1033.54568176593,0.364738728352147,1.11326435068237,1.04671613059842
"18/02/2023SeraingWaregem","Seraing","Waregem","18/02/2023",1.79,2.02,3.12,2.18,3.58,25,2,18,16,0,1,3,1,0.92,1.24,1.92,2.12,0.8,1.2,2.4,2,3,0.666666666666667,0.666666666666667,2.66666666666667,2.33333333333333,0.6,0.56,"D",850.178998880624,904.723662870202,0.52222730527267,1.04187523838385,1.21817716057027
"18/02/2023St. GilloiseStandard","St. Gilloise","Standard","18/02/2023",1.79,2.01,1.54,5.95,4.16,24.5,6,2,7,1,0,1,2,2.04,1.375,1,1.33333333333333,1.6,1.4,0.4,1.6,4.33333333333333,2,1.33333333333333,0.333333333333333,1.33333333333333,0.64,0.458333333333333,"A",1267.02075437979,996.707833817367,0.876424591472813,1.1056920371885,0.952030668873753
"19/02/2023Cercle BruggeClub Brugge","Cercle Brugge","Club Brugge","19/02/2023",1.87,1.93,3.35,2.11,3.46,25,4,8,4,0,1,0,1,1.32,1.72,1.32,1.2,1.4,1.2,1,1,3,1.33333333333333,1,1,0.666666666666667,0.44,0.6,"D",1064.46355065132,1163.37514068909,0.458488778476094,0.995943902610478,1.0858054637334
"19/02/2023GentOud-Heverlee Leuven","Gent","Oud-Heverlee Leuven","19/02/2023",1.74,2.07,1.6,5.19,4.08,25,2,5,11,3,0,3,0,1.76,1.52,1.2,1.44,2,0.6,1.8,1,3.2,2.33333333333333,0.666666666666667,3,1,0.6,0.56,"H",1102.23020870961,975.872328722405,0.755899228482087,1.09941108835894,1.07698769114093
"19/02/2023KortrijkAnderlecht","Kortrijk","Anderlecht","19/02/2023",1.7,2.13,3.65,1.92,3.75,24.5,4,14,10,2,3,0,1,1.12,1.5,1.8,1.16666666666667,1.8,1.6,1.6,0.8,3.76923076923077,1.33333333333333,1.66666666666667,1,0.333333333333333,0.6,0.5,"D",924.150731674138,1083.6806856004,0.373934088295842,1.10358401727073,1.00571529081222
"19/02/2023St TruidenWesterlo","St Truiden","Westerlo","19/02/2023",2.09,1.73,2.68,2.64,3.25,25,1,9,7,1,3,3,3,1.04,1.92,1.12,1.72,0.8,1.8,1.6,1.6,3.33333333333333,1,2,1.33333333333333,1.33333333333333,0.4,0.56,"A",1050.56798864636,1009.00678097117,0.65525012755551,0.848478808745003,1.29735522678576
"24/02/2023WaregemKortrijk","Waregem","Kortrijk","24/02/2023",1.67,2.18,2.16,3.17,3.57,26,6,16,14,1,2,1,2,1.23076923076923,1.15384615384615,2.07692307692308,1.80769230769231,0.8,1.6,1.8,1.6,3.46153846153846,0.666666666666667,1.33333333333333,2,1,0.538461538461538,0.615384615384615,"D",905.612757149939,929.193365658689,0.566408215962358,1.19566061529319,1.12795019145602
"25/02/2023SeraingMechelen","Seraing","Mechelen","25/02/2023",1.79,2.02,3.59,1.98,3.64,25.5,2,18,13,1,2,1,2,0.923076923076923,1.4,1.88461538461538,1.84,0.6,1.6,2,2,2.66666666666667,1,1.66666666666667,1.66666666666667,2,0.576923076923077,0.68,"A",849.289904600887,959.571958595987,0.442287762968742,1.02261742290554,1.20392905555443
"25/02/2023EupenCercle Brugge","Eupen","Cercle Brugge","25/02/2023",1.83,1.97,3.38,2.08,3.55,26,4,15,8,0,2,2,2,1.23076923076923,1.34615384615385,1.96153846153846,1.34615384615385,1,1.6,1.6,1.2,2.66666666666667,1,1,1.33333333333333,1,0.538461538461538,0.461538461538462,"D",912.155316485719,1066.12400465954,0.381458389452127,1.10918610668159,1.01982473054398
"25/02/2023GenkOostende","Genk","Oostende","25/02/2023",1.43,2.75,1.33,8.05,5.42,26,3,1,17,2,0,2,0,2.38461538461538,1,0.961538461538462,2.07692307692308,2,0.8,1.2,1.4,3.84615384615385,1.66666666666667,0.333333333333333,1.66666666666667,1,0.692307692307692,0.692307692307692,"H",1207.59891141063,872.567994672642,0.911456126227758,1.18018772022896,1.05760113314825
"25/02/2023WesterloSt. Gilloise","Westerlo","St. Gilloise","25/02/2023",1.82,1.98,3.5,2.01,3.61,26,6,6,2,1,2,0,4,1.88461538461538,2.03846153846154,1.65384615384615,1.11538461538462,1.6,1.8,1,1,2,1.66666666666667,2.33333333333333,1.33333333333333,1.66666666666667,0.538461538461538,0.653846153846154,"H",1035.21678647261,1231.96377270189,0.325279354346973,1.25605906180677,1.17645379488801
"26/02/2023Club BruggeGent","Club Brugge","Gent","26/02/2023",1.89,1.91,2.12,3.3,3.49,26,2,4,5,2,2,2,0,1.73076923076923,1.76923076923077,1.23076923076923,1.15384615384615,1.4,2.4,1.2,1.8,2.84615384615385,1,2.33333333333333,1,2,0.615384615384615,0.576923076923077,"H",1161.71468668087,1111.99424042059,0.665781506371753,1.11184099985217,1.08158116268637
"26/02/2023Oud-Heverlee LeuvenAntwerp","Oud-Heverlee Leuven","Antwerp","26/02/2023",1.8,1.99,3.45,2.04,3.56,26,2,11,3,0,2,2,0,1.46153846153846,1.73076923076923,1.46153846153846,0.884615384615385,0.4,1.4,1.2,0.2,3.6,0.333333333333333,1,1.33333333333333,0,0.538461538461538,0.5,"D",966.108297011419,1185.92461692855,0.296835667108534,1.05952142152928,0.917279240370471
"26/02/2023AnderlechtStandard","Anderlecht","Standard","26/02/2023",1.79,2.02,1.86,3.91,3.73,25,4,9,7,2,4,2,2,1.52,1.48,1.2,1.36,1.6,1.8,0.6,2,2,2.33333333333333,1.66666666666667,1,1.66666666666667,0.52,0.48,"D",1078.63805161585,1031.76481549526,0.662124651138986,1.02792060873387,1.0129584509754
"26/02/2023CharleroiSt Truiden","Charleroi","St Truiden","26/02/2023",2.11,1.72,2.05,3.56,3.42,25.5,1,12,10,0,0,0,1,1.32,1,1.48,1.11538461538462,1.4,0.6,1,1.6,1.92307692307692,1.66666666666667,0.666666666666667,0.666666666666667,1.33333333333333,0.64,0.384615384615385,"H",1028.13523439656,1024.35798314491,0.604606342380349,0.994380324068503,0.821470846589623
"03/03/2023OostendeClub Brugge","Oostende","Club Brugge","03/03/2023",1.62,2.27,4.41,1.7,4.07,27,3,17,4,0,2,3,0,0.962962962962963,1.74074074074074,2.11111111111111,1.18518518518519,0.6,1.4,1.6,0.8,3.38461538461538,0.333333333333333,1.66666666666667,1.33333333333333,1,0.703703703703704,0.592592592592593,"H",869.02624003279,1175.08342917943,0.204426543264467,1.05556044633986,1.09323184248007
"04/03/2023KortrijkCharleroi","Kortrijk","Charleroi","04/03/2023",1.75,2.06,3.07,2.22,3.52,26.5,1,14,10,3,1,3,0,1.22222222222222,1.30769230769231,1.85185185185185,1.42307692307692,1.8,1.2,1.6,0.6,2.41666666666667,2.33333333333333,1.33333333333333,1.66666666666667,0,0.62962962962963,0.615384615384615,"A",931.849693816021,1043.95097788019,0.439706187179129,1.17191560967822,0.969007880945584
"04/03/2023Cercle BruggeSeraing","Cercle Brugge","Seraing","04/03/2023",1.8,2,1.38,8.42,4.65,27,4,8,18,2,0,2,2,1.37037037037037,0.888888888888889,1.37037037037037,1.88888888888889,1.6,0.6,1.4,2.2,2,1.33333333333333,0.333333333333333,1.33333333333333,2,0.481481481481481,0.555555555555556,"H",1061.38234088013,831.598391469165,0.848860915383128,1.04095845079193,1.00471110084433
"04/03/2023Oud-Heverlee LeuvenWaregem","Oud-Heverlee Leuven","Waregem","04/03/2023",1.67,2.18,1.87,3.87,3.78,27,6,12,16,1,3,1,3,1.44444444444444,1.2962962962963,1.44444444444444,2.11111111111111,0.6,1.2,1.2,2.2,3.8,0.333333333333333,1.66666666666667,1,1.66666666666667,0.518518518518518,0.555555555555556,"H",974.234871284306,902.956428992608,0.69280469585815,1.05015257302971,1.2422652609605
"04/03/2023StandardWesterlo","Standard","Westerlo","04/03/2023",1.76,2.05,2.52,2.64,3.52,26.5,2,7,6,2,4,2,2,1.5,1.96296296296296,1.38461538461538,1.66666666666667,2,2.2,1.6,1.2,4.66666666666667,2,2.66666666666667,2,1.66666666666667,0.5,0.555555555555556,"H",1038.24979825024,1062.20561160282,0.565877708811492,1.04013755059184,1.29525756472042
"05/03/2023St TruidenGenk","St Truiden","Genk","05/03/2023",1.94,1.85,3.91,1.92,3.52,27,4,12,1,0,3,1,0,0.962962962962963,2.40740740740741,1.11111111111111,0.925925925925926,0.6,1.8,1.2,1.2,2.76923076923077,0.333333333333333,1.66666666666667,1.66666666666667,1,0.37037037037037,0.703703703703704,"D",1008.54223966128,1211.14066605049,0.31793059318976,0.800510332963456,1.17791049733594
"05/03/2023AntwerpMechelen","Antwerp","Mechelen","05/03/2023",1.72,2.1,1.53,5.78,4.29,26.5,5,3,13,1,2,1,0,1.7037037037037,1.42307692307692,0.888888888888889,1.76923076923077,0.8,1.4,0.2,1.6,2.88888888888889,1.33333333333333,1.66666666666667,0.333333333333333,1.33333333333333,0.481481481481481,0.653846153846154,"H",1177.79804265566,977.263471727709,0.825968708028928,0.909168172429601,1.18284791521325
"05/03/2023GentAnderlecht","Gent","Anderlecht","05/03/2023",1.9,1.89,2.08,3.38,3.52,26.5,1,5,10,0,2,2,2,1.7037037037037,1.53846153846154,1.18518518518519,1.23076923076923,1.8,1.8,2.2,1,2.07692307692308,1.66666666666667,2.33333333333333,1.66666666666667,1.66666666666667,0.555555555555556,0.538461538461538,"H",1098.62549792204,1072.15306886088,0.635373570047713,1.06347847168127,1.05550116408208
"05/03/2023St. GilloiseEupen","St. Gilloise","Eupen","05/03/2023",1.54,2.43,1.25,10.89,5.99,27,3,2,15,2,2,4,2,2.03703703703704,1.25925925925926,1.22222222222222,1.96296296296296,2,1.2,1.8,1.4,2.66666666666667,1.66666666666667,1.33333333333333,3,1.66666666666667,0.666666666666667,0.555555555555556,"H",1204.97494757168,916.89698026513,0.887080653116938,1.21316801391555,1.13217165329509
"10/03/2023CharleroiOud-Heverlee Leuven","Charleroi","Oud-Heverlee Leuven","10/03/2023",1.75,2.04,1.92,3.77,3.6,27.5,1,9,11,1,4,0,2,1.2962962962963,1.53571428571429,1.37037037037037,1.46428571428571,1.4,1.2,0.4,1.4,3.2,0.666666666666667,1.66666666666667,0,1.66666666666667,0.592592592592593,0.535714285714286,"A",1061.53922627136,986.52268627798,0.697365124555484,0.937623562164161,1.09424267094366
"11/03/2023MechelenSt Truiden","Mechelen","St Truiden","11/03/2023",2.06,1.75,2.24,3.16,3.28,27.5,1,13,12,0,2,5,2,1.37037037037037,1,1.88888888888889,1.14285714285714,1.4,0.8,2.2,1.4,2.45454545454545,1.33333333333333,0.666666666666667,2.33333333333333,1.33333333333333,0.666666666666667,0.392857142857143,"H",970.302222396466,1015.82501225817,0.535167359008103,1.2336961713831,0.828401691307852
"11/03/2023EupenOostende","Eupen","Oostende","11/03/2023",1.75,2.06,2.53,2.63,3.46,28,8,15,17,1,3,2,0,1.25,1.03571428571429,1.96428571428571,2.03571428571429,1.2,0.8,1.6,1.2,2.46153846153846,1,1,2,1,0.571428571428571,0.714285714285714,"D",912.38020794221,900.84917789577,0.615225202718209,1.12502035874853,1.05766556744091
"11/03/2023WesterloKortrijk","Westerlo","Kortrijk","11/03/2023",1.59,2.3,1.67,4.56,4.05,28,4,6,14,0,0,2,1,1.89285714285714,1.17857142857143,1.67857142857143,1.82142857142857,1.8,1.4,1.6,1.4,4,1.66666666666667,1.66666666666667,1.33333333333333,2,0.535714285714286,0.607142857142857,"H",1044.84071919999,914.261445424855,0.760355090652535,1.26895113868848,1.13395949621176
"11/03/2023SeraingAntwerp","Seraing","Antwerp","11/03/2023",1.89,1.89,7.7,1.41,4.42,28,2,18,3,1,5,3,0,0.892857142857143,1.82142857142857,1.92857142857143,0.857142857142857,0.8,1.8,2,0.2,2.33333333333333,0.666666666666667,2.66666666666667,2,0.333333333333333,0.571428571428571,0.5,"A",825.552829544152,1184.7592919869,0.1591178443102,1.03132779666682,0.94825148613256
"12/03/2023Club BruggeStandard","Club Brugge","Standard","12/03/2023",1.67,2.16,1.71,4.4,3.93,27.5,2,4,7,0,2,3,0,1.67857142857143,1.51851851851852,1.25,1.33333333333333,1,1.8,1.2,1.4,3,1.33333333333333,2.66666666666667,1.66666666666667,1.33333333333333,0.607142857142857,0.481481481481481,"H",1143.26049131645,1055.61469065307,0.712484661204942,1.09541209224968,1.01901256179967
"12/03/2023WaregemGent","Waregem","Gent","12/03/2023",1.74,2.06,3.39,2.04,3.54,28,8,17,5,2,1,4,0,1.32142857142857,1.67857142857143,2.17857142857143,1.14285714285714,1.4,1.6,2.6,1.6,3,2,1,2.66666666666667,0.666666666666667,0.571428571428571,0.535714285714286,"A",890.668613998934,1113.21055356986,0.293571175349122,1.29442110802263,1.02925289290305
"12/03/2023GenkSt. Gilloise","Genk","St. Gilloise","12/03/2023",1.75,2.05,2.29,2.95,3.45,28,3,1,3,2,2,2,1,2.39285714285714,2.03571428571429,0.964285714285714,1.21428571428571,2,2.2,1.4,2,2.66666666666667,2.33333333333333,2,1.33333333333333,3,0.714285714285714,0.678571428571429,"A",1203.85789345359,1209.4917198946,0.591585016985201,1.21895122151648,1.20550511070054
"12/03/2023AnderlechtCercle Brugge","Anderlecht","Cercle Brugge","12/03/2023",1.84,1.95,2.06,3.39,3.49,27.5,2,11,8,0,3,1,1,1.48148148148148,1.42857142857143,1.22222222222222,1.35714285714286,1.8,1.6,1.2,1.2,2.55555555555556,1.33333333333333,2.33333333333333,1.66666666666667,1.66666666666667,0.518518518518518,0.5,"H",1057.56801321305,1067.42790280514,0.585694389882196,1.02153231637736,1.06853540741687
"17/03/2023Cercle BruggeGenk","Cercle Brugge","Genk","17/03/2023",1.68,2.16,2.71,2.43,3.54,29,2,8,1,0,1,2,2,1.37931034482759,2.3448275862069,1.37931034482759,1,1.4,1.6,1.4,1.4,3.44444444444444,1.66666666666667,2,1.66666666666667,1.33333333333333,0.482758620689655,0.724137931034483,"D",1050.85567898196,1180.19449424518,0.415425340982046,1.05426549910385,1.20777532832279
"18/03/2023KortrijkClub Brugge","Kortrijk","Club Brugge","18/03/2023",1.56,2.38,4.28,1.71,4.13,29,1,15,4,1,2,3,0,1.17241379310345,1.68965517241379,1.86206896551724,1.20689655172414,1.6,1.4,1.8,1.2,2.69230769230769,1.33333333333333,1.33333333333333,2.33333333333333,1,0.620689655172414,0.586206896551724,"H",904.67564795065,1154.76110483696,0.26179583867445,1.14030571401105,1.07989517449004
"18/03/2023OostendeWesterlo","Oostende","Westerlo","18/03/2023",1.66,2.19,2.86,2.29,3.62,29,3,16,6,4,3,4,1,1.13793103448276,1.93103448275862,2.10344827586207,1.6551724137931,1.6,2.2,1.6,1.6,5,2.33333333333333,2.33333333333333,2.33333333333333,1.66666666666667,0.724137931034483,0.551724137931034,"A",905.458187642256,1054.42651667419,0.388272840413762,1.1470019375897,1.27605283881946
"18/03/2023St TruidenSeraing","St Truiden","Seraing","18/03/2023",2.2,1.65,1.56,6.15,3.81,29,3,12,18,0,0,1,2,0.96551724137931,0.862068965517241,1.13793103448276,1.93103448275862,0.6,0.4,1.6,2.2,3,0.666666666666667,0.333333333333333,1.33333333333333,2.33333333333333,0.379310344827586,0.551724137931034,"H",997.231707199215,819.188114614664,0.806566683220675,0.803193053664255,1.02194430934929
"18/03/2023StandardWaregem","Standard","Waregem","18/03/2023",1.6,2.3,1.71,4.45,3.93,28.5,4,7,17,0,2,2,6,1.46428571428571,1.3448275862069,1.35714285714286,2.31034482758621,1.6,1.8,1.6,3,3.5,1.33333333333333,2.33333333333333,1.33333333333333,4.33333333333333,0.464285714285714,0.586206896551724,"D",1044.11407713256,878.92576409932,0.794758781166925,1.00457787166857,1.38515261544958
"19/03/2023AntwerpCharleroi","Antwerp","Charleroi","19/03/2023",1.79,2,1.7,4.62,3.83,28.5,1,3,12,2,0,0,1,1.82758620689655,1.25,0.827586206896552,1.35714285714286,2.2,1,0.2,0.2,2.36363636363636,2.66666666666667,0.666666666666667,0.333333333333333,0.333333333333333,0.482758620689655,0.571428571428571,"A",1191.12400691639,1033.64461934565,0.787425573753217,0.939623864708301,0.909019865396314
"19/03/2023Oud-Heverlee LeuvenAnderlecht","Oud-Heverlee Leuven","Anderlecht","19/03/2023",1.76,2.04,3.04,2.22,3.47,28.5,2,10,9,1,2,0,0,1.51724137931034,1.5,1.41379310344828,1.17857142857143,1.2,1.8,1,1.2,2.6,2,1.33333333333333,1,1,0.517241379310345,0.5,"A",1014.41729320369,1074.14023703623,0.514785623718702,1.06086105937465,1.0078901175393
"19/03/2023St. GilloiseMechelen","St. Gilloise","Mechelen","19/03/2023",1.61,2.26,1.39,7.31,4.84,28.5,3,2,13,2,1,1,0,2.03448275862069,1.35714285714286,1.20689655172414,1.82142857142857,1.8,1.2,2.2,1.8,3,2,1,2,1.66666666666667,0.689655172413793,0.642857142857143,"H",1233.15511910301,988.895527455422,0.859243835243043,1.19445249750009,1.19615423964514
"19/03/2023GentEupen","Gent","Eupen","19/03/2023",1.64,2.21,1.34,8.43,4.98,29,3,5,15,6,4,2,4,1.82758620689655,1.3448275862069,1.17241379310345,2.03448275862069,2.4,1.8,1.4,2.2,3.38461538461538,2.33333333333333,2.33333333333333,1.33333333333333,2.66666666666667,0.551724137931034,0.586206896551724,"H",1124.95340346948,907.771198195725,0.83931681737273,1.10139762688325,1.22004589261105
"31/03/2023WaregemAntwerp","Waregem","Antwerp","31/03/2023",1.72,2.09,4.42,1.71,3.95,30,2,16,3,2,0,2,1,1.36666666666667,1.76666666666667,2.3,0.833333333333333,2,2,3.2,0.4,2.72727272727273,2,2.33333333333333,4,0.333333333333333,0.6,0.466666666666667,"A",890.716115835514,1159.62698444531,0.241399292704999,1.39553042385627,0.914644390864662
"01/04/2023Cercle BruggeKortrijk","Cercle Brugge","Kortrijk","01/04/2023",1.65,2.19,1.6,5.11,4.15,30,2,9,14,1,1,1,0,1.36666666666667,1.16666666666667,1.36666666666667,1.8,1.6,1.4,1.6,1.8,2.22222222222222,1.33333333333333,0.666666666666667,1.33333333333333,1.33333333333333,0.466666666666667,0.6,"H",1054.23866619616,934.203812485135,0.749120821778598,1.0346709665687,1.10181074442307
"01/04/2023SeraingGent","Seraing","Gent","01/04/2023",1.75,2.05,8.31,1.37,4.67,30,5,18,4,1,3,2,0,0.866666666666667,1.86666666666667,1.93333333333333,1.13333333333333,0.6,2.4,2,0.8,2.33333333333333,0.666666666666667,3.33333333333333,2.33333333333333,0.666666666666667,0.566666666666667,0.566666666666667,"A",811.450781677096,1131.3807306108,0.19174485794942,1.04554893514685,1.09550622346633
"01/04/2023WesterloCharleroi","Westerlo","Charleroi","01/04/2023",1.73,2.09,2.13,3.19,3.54,29.5,5,6,10,2,1,1,0,1.93333333333333,1.24137931034483,1.63333333333333,1.31034482758621,2,0.6,1.2,0.2,2.66666666666667,1.66666666666667,0.666666666666667,1.33333333333333,0.333333333333333,0.566666666666667,0.551724137931034,"A",1069.95742870298,1065.14164181673,0.606034688945201,1.26456048340344,0.884853984979831
"01/04/2023OostendeStandard","Oostende","Standard","01/04/2023",1.66,2.19,3.01,2.2,3.6,29.5,4,16,7,1,2,2,2,1.13333333333333,1.48275862068966,2.1,1.37931034482759,1.6,2,1.8,1.6,2.84615384615385,2.66666666666667,1.33333333333333,2,1.33333333333333,0.733333333333333,0.482758620689655,"A",889.927275613471,1032.32372539637,0.397295383145951,1.13667183719837,1.01210434677715
"02/04/2023GenkOud-Heverlee Leuven","Genk","Oud-Heverlee Leuven","02/04/2023",1.54,2.4,1.5,5.78,4.46,30,3,1,11,1,0,1,2,2.3,1.46666666666667,1,1.43333333333333,1.8,1.2,1.4,1.4,3,1.33333333333333,1.66666666666667,1.66666666666667,1.33333333333333,0.7,0.5,"H",1176.81150703098,993.825870775941,0.810966450951972,1.18532766880429,1.04750487236871
"02/04/2023EupenAnderlecht","Eupen","Anderlecht","02/04/2023",1.7,2.11,4.05,1.81,3.77,29.5,1,15,10,0,2,3,0,1.3,1.51724137931034,2.06666666666667,1.13793103448276,1.4,1.6,2.6,1,3.38461538461538,1.66666666666667,1.33333333333333,3,0.333333333333333,0.6,0.482758620689655,"A",901.343871054403,1094.73165946398,0.329537576033992,1.21351983665716,0.99520083200813
"02/04/2023MechelenClub Brugge","Mechelen","Club Brugge","02/04/2023",1.66,2.17,3.59,1.93,3.71,29.5,3,13,5,1,0,2,1,1.3448275862069,1.63333333333333,1.82758620689655,1.2,1.2,1.2,1.8,1.2,3.36363636363636,0.666666666666667,0.666666666666667,2.33333333333333,1.33333333333333,0.655172413793103,0.566666666666667,"A",983.265280632542,1125.23294030247,0.39788658856113,1.18657874713212,1.04343957193591
"02/04/2023St. GilloiseSt Truiden","St. Gilloise","St Truiden","02/04/2023",1.89,1.89,1.45,6.99,4.31,30,3,2,12,2,2,1,1,2.03333333333333,1,1.2,1.13333333333333,2,0.8,2.2,1.2,2,2,1.33333333333333,1,1.33333333333333,0.7,0.4,"H",1238.78536592589,1004.96904013678,0.851814988662453,1.1848906278282,0.821745015157166
"07/04/2023Club BruggeSeraing","Club Brugge","Seraing","07/04/2023",1.34,3.16,1.11,21.38,9.05,31,2,5,18,3,0,0,5,1.67741935483871,0.838709677419355,1.16129032258065,2.03225806451613,1.4,0.4,0.8,2.8,4,1.66666666666667,0.333333333333333,0.333333333333333,3,0.580645161290323,0.580645161290323,"H",1141.14840055331,803.780989105328,0.912535600923212,1.04183313746757,1.08455348921976
"08/04/2023KortrijkEupen","Kortrijk","Eupen","08/04/2023",1.72,2.09,2.03,3.38,3.63,31,0,14,15,0,0,2,1,1.12903225806452,1.25806451612903,1.80645161290323,2.03225806451613,1,1.4,1.8,2.4,2,0.666666666666667,1.33333333333333,1.66666666666667,2.66666666666667,0.580645161290323,0.580645161290323,"D",924.168643353146,888.162367423393,0.647991154148716,1.08537984035337,1.17294029104576
"08/04/2023Oud-Heverlee LeuvenMechelen","Oud-Heverlee Leuven","Mechelen","08/04/2023",1.64,2.21,2.15,3.11,3.63,30.5,5,11,13,1,0,2,3,1.45161290322581,1.3,1.45161290322581,1.86666666666667,1.4,0.8,1.4,2,2.8,0.666666666666667,0.666666666666667,1.33333333333333,1.66666666666667,0.516129032258065,0.666666666666667,"H",986.264530093772,967.349820381711,0.625236345142721,1.04574854331634,1.18475194177601
"08/04/2023CharleroiWaregem","Charleroi","Waregem","08/04/2023",1.58,2.34,1.66,4.53,4.18,30.5,5,10,16,3,0,2,2,1.3,1.32258064516129,1.33333333333333,2.29032258064516,1.2,1.8,0.6,3.4,3.53846153846154,1.33333333333333,1.33333333333333,1,3.33333333333333,0.566666666666667,0.580645161290323,"H",1089.3830286536,881.060142803707,0.832319416668705,0.919690144601124,1.36948674615926
"08/04/2023GentSt. Gilloise","Gent","St. Gilloise","08/04/2023",1.82,1.97,2.53,2.63,3.45,31,2,5,2,5,2,0,1,1.96774193548387,2.03225806451613,1.09677419354839,1.19354838709677,3,2,0.8,1.6,1.33333333333333,4.66666666666667,2,0.666666666666667,1,0.580645161290323,0.709677419354839,"D",1139.05052318257,1244.71276853631,0.448857309531257,1.13637445095336,1.19866144656766
"09/04/2023AnderlechtWesterlo","Anderlecht","Westerlo","09/04/2023",1.64,2.19,1.69,4.48,3.96,30.5,0,9,6,1,2,0,3,1.5,1.93548387096774,1.1,1.67741935483871,1.4,2.2,0.6,1.8,4,1.66666666666667,2.33333333333333,0,1.66666666666667,0.466666666666667,0.580645161290323,"D",1107.91316309499,1045.71604186611,0.681568256210826,0.961921773574092,1.31434545538572
"09/04/2023AntwerpCercle Brugge","Antwerp","Cercle Brugge","09/04/2023",1.85,1.92,1.69,4.74,3.79,31,3,3,10,2,2,0,0,1.7741935483871,1.38709677419355,0.806451612903226,1.32258064516129,2,1.6,0.4,1.2,2.22222222222222,1.33333333333333,1,0.333333333333333,1,0.451612903225806,0.451612903225806,"H",1169.28295747712,1064.27383532815,0.732517666522999,0.897575107876741,1.01924129365849
"09/04/2023StandardGenk","Standard","Genk","09/04/2023",1.63,2.22,2.62,2.46,3.6,30.5,2,8,1,3,2,1,1,1.53333333333333,2.29032258064516,1.36666666666667,1,1.8,1.8,1.4,1.2,2.46153846153846,1.66666666666667,1.33333333333333,1.66666666666667,1.33333333333333,0.5,0.709677419354839,"H",1048.21553797738,1184.37284771315,0.405926236765185,1.0318800409573,1.18334025521204
"09/04/2023St TruidenOostende","St Truiden","Oostende","09/04/2023",2.03,1.77,2.26,3.11,3.32,31,5,12,16,1,1,2,3,1,1.12903225806452,1.16129032258065,2.12903225806452,1,1.8,1.4,2.4,1.69230769230769,1,2,1.33333333333333,3,0.419354838709677,0.741935483870968,"H",999.041637526365,874.035463032453,0.754460546941141,0.831295349498596,1.15888147863228
"14/04/2023StandardCharleroi","Standard","Charleroi","14/04/2023",1.74,2.07,2.03,3.42,3.59,31,4,7,8,2,3,0,2,1.54838709677419,1.35483870967742,1.32258064516129,1.35483870967742,1.8,1.6,1,1,1.76923076923077,2.33333333333333,2.33333333333333,1,1.33333333333333,0.483870967741935,0.580645161290323,"H",1071.97848904737,1096.09025244157,0.565657090969329,1.01408865808327,0.94672569417735
"15/04/2023EupenWaregem","Eupen","Waregem","15/04/2023",1.67,2.16,2.37,2.82,3.51,32,6,15,16,0,2,0,3,1.21875,1.34375,1.96875,2.3125,1,1.6,2,3.4,4,0,1.33333333333333,1.33333333333333,2.33333333333333,0.5625,0.59375,"A",894.082017577298,874.352919015731,0.62633418613407,1.11429327649347,1.40974468198376
"15/04/2023Cercle BruggeSt Truiden","Cercle Brugge","St Truiden","15/04/2023",1.89,1.89,1.69,4.85,3.81,32,4,10,12,1,5,2,0,1.375,1.125,1.34375,1.125,1.4,2,1.2,1.2,2,1.33333333333333,2.66666666666667,1,1,0.46875,0.4375,"H",1053.57453847676,1008.86321247116,0.659334811739638,1.03512600254746,0.876020683163276
"15/04/2023OostendeOud-Heverlee Leuven","Oostende","Oud-Heverlee Leuven","15/04/2023",1.46,2.63,2.37,2.63,3.85,32,4,17,11,0,4,5,1,1.09375,1.53125,2.21875,1.4375,1.8,2,2.8,1.4,3,0.666666666666667,1.66666666666667,3.33333333333333,1.66666666666667,0.75,0.53125,"A",864.213888087662,1001.25507576407,0.404699821464529,1.22123159383611,1.0778669706369
"15/04/2023WesterloClub Brugge","Westerlo","Club Brugge","15/04/2023",1.67,2.17,3.17,2.15,3.57,32,0,7,5,0,2,0,0,1.875,1.6875,1.625,1.125,1.4,1.4,1.4,0.8,3,1.33333333333333,1.66666666666667,1.33333333333333,0.333333333333333,0.5625,0.5625,"D",1052.97876817806,1144.64697630599,0.468857319880538,1.24862818261643,1.02662301792507
"16/04/2023GenkAnderlecht","Genk","Anderlecht","16/04/2023",1.52,2.48,1.83,3.83,3.92,31.5,7,1,10,0,0,2,0,2.21875,1.45161290322581,1.03125,1.06451612903226,1.2,1,1.6,0.2,1.53846153846154,1,1,1.33333333333333,0,0.6875,0.451612903225806,"H",1160.60989664316,1100.65043678304,0.678766088152418,1.16293743830011,0.913825684895387
"16/04/2023MechelenGent","Mechelen","Gent","16/04/2023",1.6,2.29,4.87,1.63,4.08,31.5,2,13,5,1,1,4,1,1.29032258064516,1.9375,1.93548387096774,1.09375,0.6,3.2,2.8,0.6,2.90909090909091,0.666666666666667,3,3,0.333333333333333,0.67741935483871,0.5625,"D",952.359274711416,1141.09622768854,0.33547957499616,1.22113962730331,1.11292628530025
"16/04/2023AntwerpKortrijk","Antwerp","Kortrijk","16/04/2023",1.62,2.25,1.28,10.31,5.49,32,1,3,14,2,0,1,0,1.78125,1.09375,0.8125,1.75,2.2,0.4,0.4,1.2,2.72727272727273,1.33333333333333,0.333333333333333,0.666666666666667,0.666666666666667,0.46875,0.5625,"H",1179.98225432852,918.248993199242,0.870975369587863,0.911563669155911,1.0311108483357
"16/04/2023St. GilloiseSeraing","St. Gilloise","Seraing","16/04/2023",1.26,3.71,1.11,20.19,9.35,32,3,2,18,1,0,1,2,2,0.8125,1.1875,2.03125,1.8,0.4,1,2.8,4.33333333333333,1.66666666666667,0.333333333333333,1,3,0.6875,0.5625,"H",1242.66706403034,800.282413352646,0.950240959590895,1.17392803924973,1.06871967895974
