GameIndex,HomeTeam,AwayTeam,Date,AvgO25,AvgU25,AvgA,AvgH,Played,HtPos,AtPos,HtSGLG,AtSGLG,HtCGLG,AtCGLG,HtASGPG,AtASGPG,HtACGPG,AtACGPG,HtASGP5G,AtASGP5G,HtACGP5G,AtACGP5G,AGTM,HtASGP3G,AtASGP3G,HtpercentGO,AtpercentGO,elo_ht,elo_at,win_e_ht,tilt_ht,tilt_at
13/08/2022Casa PiaBenfica,Casa Pia,Benfica,13/08/2022,1.64,2.24,1.23,12.96,1.0,9,2,0,4,0,0,0.0,4.0,0.0,0.0,0.0,4.0,0.0,0.0,0.0,0.0,4.0,0.0,1.0,1006.3500639955629,1257.5971422468835,0.26050565779834184,0.95,1.208433153600729
13/08/2022Sp LisbonRio Ave,Sp Lisbon,Rio Ave,13/08/2022,1.71,2.13,13.82,1.22,1.0,11,15,3,0,3,1,3.0,0.0,3.0,1.0,3.0,0.0,3.0,1.0,2.6,3.0,0.0,1.0,0.0,1332.1975200771683,946.1468162329135,0.9324683530070723,1.275275656751329,0.793435337186113
14/08/2022BoavistaSanta Clara,Boavista,Santa Clara,14/08/2022,2.32,1.6,2.94,2.52,1.0,6,10,1,0,0,0,1.0,0.0,0.0,0.0,1.0,0.0,0.0,0.0,3.0,1.0,0.0,0.0,0.0,1034.581915476399,1037.9103596229934,0.5947874393970132,1.0069745628477267,0.9647281136052356
14/08/2022VizelaPorto,Vizela,Porto,14/08/2022,1.66,2.21,1.28,10.63,1.0,9,4,1,5,0,1,1.0,5.0,0.0,1.0,1.0,5.0,0.0,1.0,5.0,1.0,5.0,0.0,1.0,966.359494411649,1407.762552751453,0.10546094541407817,1.07333487512592,1.3394953787646124
14/08/2022GuimaraesEstoril,Guimaraes,Estoril,14/08/2022,2.11,1.72,3.79,2.02,1.0,8,5,1,2,0,0,1.0,2.0,0.0,0.0,1.0,2.0,0.0,0.0,3.1666666666666665,1.0,2.0,0.0,0.0,1068.6659508443083,958.6593633555229,0.7381163626877681,1.0122151576614236,0.8908675661728205
15/08/2022MaritimoChaves,Maritimo,Chaves,15/08/2022,2.11,1.72,3.1,2.32,1.0,16,12,1,0,5,1,1.0,0.0,5.0,1.0,1.0,0.0,5.0,1.0,2.5,1.0,0.0,1.0,0.0,961.179404787051,908.226319476478,0.6699092974633888,0.9376131277472336,1.1891092592439942
15/08/2022AroucaGil Vicente,Arouca,Gil Vicente,15/08/2022,2.02,1.78,2.66,2.63,1.0,15,8,0,1,4,0,0.0,1.0,4.0,0.0,0.0,1.0,4.0,0.0,2.5,0.0,1.0,1.0,0.0,910.111948665792,1064.5551043117023,0.3808141807989916,0.9576295767508679,1.0216842109556448
15/08/2022Pacos FerreiraPortimonense,Pacos Ferreira,Portimonense,15/08/2022,2.19,1.67,3.07,2.37,1.0,13,14,0,0,1,1,0.0,0.0,1.0,1.0,0.0,0.0,1.0,1.0,1.75,0.0,0.0,0.0,0.0,978.1354146831025,927.331686850452,0.6671675841179869,0.8627841576565595,0.8708503674261052
19/08/2022EstorilRio Ave,Estoril,Rio Ave,19/08/2022,2.27,1.63,3.59,2.13,2.0,8,16,0,0,1,3,1.0,0.0,0.5,2.0,1.0,0.0,0.5,2.0,2.25,1.0,0.0,0.0,0.5,948.1840178630337,943.4455503531964,0.6059283986403627,0.8660828328998921,0.8008122218731292
20/08/2022Santa ClaraArouca,Santa Clara,Arouca,20/08/2022,2.28,1.62,3.63,2.1,2.0,14,12,1,1,2,0,0.5,0.5,1.0,2.0,0.5,0.5,1.0,2.0,2.5,0.5,0.5,0.5,0.5,1021.7018571988739,934.8793814338324,0.7115128097240995,0.9760761326102606,0.9293236182018222
20/08/2022ChavesVizela,Chaves,Vizela,20/08/2022,2.17,1.69,3.23,2.28,2.0,9,11,2,0,1,1,1.0,0.5,1.0,0.5,1.0,0.5,1.0,0.5,0.0,1.0,0.5,0.5,0.0,935.0226913750136,962.141056595086,0.5614001734874482,1.1936460743593846,1.0345991272633503
20/08/2022PortoSp Lisbon,Porto,Sp Lisbon,20/08/2022,1.94,1.87,3.5,2.1,2.0,2,6,1,3,0,0,3.0,3.0,0.5,1.5,3.0,3.0,0.5,1.5,2.25,3.0,3.0,0.5,1.0,1411.9809905680163,1334.8987859568854,0.6998688111197285,1.2911541234328912,1.287132403007901
21/08/2022Casa PiaBoavista,Casa Pia,Boavista,21/08/2022,2.49,1.53,3.06,2.46,2.0,13,3,0,2,1,1,0.0,1.5,0.5,0.5,0.0,1.5,0.5,0.5,0.0,0.0,1.5,0.0,0.5,995.9298376836292,1050.7904179005184,0.5217735972488017,0.9190503569149908,1.0188195234284534
21/08/2022Sp BragaMaritimo,Sp Braga,Maritimo,21/08/2022,1.69,2.16,7.57,1.38,2.0,6,18,3,1,0,2,3.0,1.0,1.5,3.5,3.0,1.0,1.5,3.5,2.25,3.0,1.0,1.0,1.0,1198.8526021563935,934.3830328885155,0.8727351308978586,0.9572092515175146,0.9411904082849838
21/08/2022PortimonenseGuimaraes,Portimonense,Guimaraes,21/08/2022,2.18,1.68,2.61,2.73,2.0,11,4,3,1,0,0,1.5,1.0,0.5,0.0,1.5,1.0,0.5,0.0,2.6,1.5,1.0,0.5,0.0,954.0183902151715,1079.1412963367975,0.42133074057468467,0.8968501551664099,0.9840544257523816
22/08/2022Gil VicenteFamalicao,Gil Vicente,Famalicao,22/08/2022,1.99,1.81,3.22,2.21,2.0,13,17,0,0,1,3,0.5,0.0,0.5,2.5,0.5,0.0,0.5,2.5,3.1666666666666665,0.5,0.0,0.0,0.5,1039.7876715436619,1002.4672693532278,0.6497148177706699,0.991484902551192,1.1277699600439588
26/08/2022Pacos FerreiraEstoril,Pacos Ferreira,Estoril,26/08/2022,2.26,1.63,2.84,2.62,2.5,17,9,0,2,3,2,0.0,1.3333333333333333,2.0,1.0,0.0,1.3333333333333333,2.0,1.0,1.6666666666666667,0.0,1.3333333333333333,0.5,0.3333333333333333,951.448711318383,943.9468819174192,0.6097202349851152,0.888543123609653,0.9226772664950169
27/08/2022MaritimoPortimonense,Maritimo,Portimonense,27/08/2022,2.09,1.73,2.65,2.79,3.0,18,5,0,2,5,1,0.6666666666666666,1.6666666666666667,4.0,0.6666666666666666,0.6666666666666666,1.6666666666666667,4.0,0.6666666666666666,2.8,0.6666666666666666,1.6666666666666667,1.0,0.6666666666666666,929.2924381244299,977.1651605921841,0.5318007282257294,0.9986012529883561,0.912979884745598
27/08/2022BoavistaBenfica,Boavista,Benfica,27/08/2022,1.72,2.12,1.37,8.49,2.5,7,4,0,1,2,0,1.0,2.5,1.0,0.0,1.0,2.5,1.0,0.0,3.9166666666666665,1.0,2.5,0.3333333333333333,0.5,1031.6613617904704,1268.0173685588172,0.27735453189856435,1.0114017336624737,1.1690641274996398
27/08/2022Sp LisbonChaves,Sp Lisbon,Chaves,27/08/2022,1.55,2.41,15.0,1.19,3.0,12,10,0,1,3,1,2.0,1.0,2.0,1.0,2.0,1.0,2.0,1.0,4.166666666666667,2.0,1.0,1.0,0.3333333333333333,1322.8935384016745,932.5666844355156,0.9340020147079113,1.2692458354337803,1.1726260881960466
28/08/2022FamalicaoSanta Clara,Famalicao,Santa Clara,28/08/2022,2.04,1.77,3.35,2.17,3.0,16,14,0,1,0,2,0.0,0.6666666666666666,1.6666666666666667,1.3333333333333333,0.0,0.6666666666666666,1.6666666666666667,1.3333333333333333,1.5,0.0,0.6666666666666666,0.3333333333333333,0.6666666666666666,1008.4558620640546,993.24134480991,0.6202322664483854,1.0713814620417608,0.9918354112439485
28/08/2022AroucaSp Braga,Arouca,Sp Braga,28/08/2022,1.78,2.04,1.69,4.83,3.0,8,4,2,5,1,0,1.0,3.6666666666666665,1.6666666666666667,1.0,1.0,3.6666666666666665,1.6666666666666667,1.0,3.25,1.0,3.6666666666666665,0.6666666666666666,1.0,963.3398938227963,1203.943196920479,0.27248093504245496,0.944328052129475,1.0155972155296422
28/08/2022Rio AvePorto,Rio Ave,Porto,28/08/2022,1.64,2.23,1.29,10.03,3.0,15,2,2,3,2,0,0.6666666666666666,3.0,2.0,0.3333333333333333,0.6666666666666666,3.0,2.0,0.3333333333333333,3.3,0.6666666666666666,3.0,0.6666666666666666,0.6666666666666666,947.6826862988108,1423.9862381232272,0.08795441895668683,0.8531415284836917,1.2732116682329304
29/08/2022GuimaraesCasa Pia,Guimaraes,Casa Pia,29/08/2022,2.12,1.71,3.78,2.01,3.0,7,10,1,2,2,0,1.0,0.6666666666666666,0.6666666666666666,0.3333333333333333,1.0,0.6666666666666666,0.6666666666666666,0.3333333333333333,0.0,1.0,0.6666666666666666,0.3333333333333333,0.0,1055.9945259597848,1015.0588937936772,0.6544362037846686,1.0017525124251145,0.9123589634197004
29/08/2022VizelaGil Vicente,Vizela,Gil Vicente,29/08/2022,2.03,1.77,2.97,2.4,3.0,12,11,1,0,1,0,0.6666666666666666,0.3333333333333333,0.6666666666666666,0.3333333333333333,0.6666666666666666,0.3333333333333333,0.6666666666666666,0.3333333333333333,2.5,0.6666666666666666,0.3333333333333333,0.0,0.0,964.5970635345839,1033.799078832835,0.5011483902798415,1.0163799416883057,0.9419106574236324
30/08/2022BenficaPacos Ferreira,Benfica,Pacos Ferreira,30/08/2022,1.34,3.18,29.43,1.08,3.0,2,17,3,0,0,3,2.6666666666666665,0.0,0.0,2.3333333333333335,2.6666666666666665,0.0,0.0,2.3333333333333335,2.8,2.6666666666666665,0.0,0.6666666666666666,0.6666666666666666,1279.11154983476,927.0599019189783,0.9190511706079192,1.1699345291461003,0.9091441221033639
02/09/2022BenficaVizela,Benfica,Vizela,02/09/2022,1.38,2.97,14.03,1.18,4.0,1,12,3,2,2,2,2.75,1.0,0.5,1.0,2.75,1.0,0.5,1.0,1.5,2.3333333333333335,1.0,0.75,0.25,1282.3495030104432,964.5511279233903,0.9031168990012972,1.2214313642911554,1.05049469003875
02/09/2022EstorilSp Lisbon,Estoril,Sp Lisbon,02/09/2022,1.74,2.1,1.47,6.63,4.0,5,14,3,0,0,2,1.75,1.5,0.75,2.0,1.75,1.5,0.75,2.0,2.8333333333333335,1.6666666666666667,1.0,0.5,0.75,968.3356913168238,1285.5334578133582,0.19419409842115873,0.9440696699385616,1.2398950139787166
03/09/2022Sp BragaGuimaraes,Sp Braga,Guimaraes,03/09/2022,1.63,2.27,7.74,1.38,4.0,2,9,6,0,0,1,4.25,0.75,0.75,0.75,4.25,0.75,0.75,0.75,2.4166666666666665,4.666666666666667,0.6666666666666666,1.0,0.25,1214.8424343221773,1029.8170778083982,0.8127598956078496,1.091891838804966,0.973586083177089
03/09/2022Gil VicentePorto,Gil Vicente,Porto,03/09/2022,1.71,2.13,1.44,7.1,4.0,12,3,2,1,2,3,0.75,2.5,0.75,1.0,0.75,2.5,0.75,1.0,2.3333333333333335,0.6666666666666666,1.6666666666666667,0.25,0.75,1033.8450144440287,1387.5044148814945,0.16343692740978955,0.9735258475003203,1.3033221618689408
04/09/2022Casa PiaArouca,Casa Pia,Arouca,04/09/2022,2.29,1.6,3.83,2.09,4.0,5,11,1,0,0,6,0.75,0.75,0.25,2.75,0.75,0.75,0.25,2.75,0.0,1.0,1.0,0.0,0.75,1041.236341945064,952.4406564210981,0.7138387116839638,0.8867060263187475,1.015268728102051
04/09/2022Santa ClaraMaritimo,Santa Clara,Maritimo,04/09/2022,2.23,1.65,3.89,2.03,4.0,16,18,0,0,1,1,0.5,0.5,1.25,3.25,0.5,0.5,1.25,3.25,2.625,0.6666666666666666,0.3333333333333333,0.5,0.75,978.0506354678454,908.0204089954007,0.6912732872584346,0.9609111281347125,0.970577478017525
04/09/2022PortimonenseFamalicao,Portimonense,Famalicao,04/09/2022,2.14,1.7,3.22,2.31,4.0,4,15,1,1,0,0,1.5,0.25,0.5,1.25,1.5,0.25,0.5,1.25,1.5,2.0,0.3333333333333333,0.5,0.25,998.4371897212133,1023.6465714061192,0.5641041416869549,0.8873589046332244,1.0379770248997018
05/09/2022BoavistaPacos Ferreira,Boavista,Pacos Ferreira,05/09/2022,2.22,1.65,3.85,2.03,4.0,11,17,0,2,3,3,0.75,0.5,1.5,2.5,0.75,0.5,1.5,2.5,1.9,0.6666666666666666,0.6666666666666666,0.5,0.75,1020.5671805145279,923.821948743295,0.7230943170398436,1.0121547511518527,0.9491617844705255
05/09/2022ChavesRio Ave,Chaves,Rio Ave,05/09/2022,2.25,1.63,2.95,2.51,4.0,6,14,2,3,0,1,1.25,1.25,0.75,1.75,1.25,1.25,0.75,1.75,2.6666666666666665,1.6666666666666667,1.6666666666666667,0.25,0.75,969.9267650238321,984.1645095405433,0.5795663189820116,1.145509561210217,0.8733176808116679
09/09/2022GuimaraesSanta Clara,Guimaraes,Santa Clara,09/09/2022,2.22,1.66,4.02,1.98,5.0,11,15,0,2,1,1,0.6,0.8,0.8,1.2,0.6,0.8,0.8,1.2,2.0,0.3333333333333333,1.0,0.2,0.6,1022.3274736327121,990.399703977508,0.6426175837755139,0.9432236115919528,0.9746844387004048
10/09/2022FamalicaoBenfica,Famalicao,Benfica,10/09/2022,1.68,2.17,1.41,7.45,5.0,16,1,0,2,1,1,0.2,2.6,1.2,0.6,0.2,2.6,1.2,0.6,3.1666666666666665,0.3333333333333333,2.6666666666666665,0.2,0.8,1006.2107370735973,1286.2248270503912,0.22988896358636177,1.0086169681555355,1.2174757439904198
10/09/2022Sp LisbonPortimonense,Sp Lisbon,Portimonense,10/09/2022,1.66,2.2,9.19,1.32,5.0,10,4,2,1,0,0,1.6,1.4,1.6,0.4,1.6,1.4,1.6,0.4,3.6,0.6666666666666666,1.3333333333333333,0.6,0.4,1293.3012217502046,1015.8730240537351,0.8807926127650606,1.2202700176249268,0.8622592086211763
10/09/2022PortoChaves,Porto,Chaves,10/09/2022,1.5,2.54,17.48,1.15,5.0,3,8,2,1,0,1,2.4,1.2,0.8,0.8,2.4,1.2,0.8,0.8,3.6666666666666665,2.0,1.3333333333333333,0.6,0.2,1394.041891977886,966.7441122645516,0.9459702416331646,1.2792438174981582,1.13403643077059
11/09/2022Pacos FerreiraCasa Pia,Pacos Ferreira,Casa Pia,11/09/2022,2.42,1.56,2.64,2.83,5.0,17,8,0,0,1,0,0.4,0.6,2.2,0.2,0.4,0.6,2.2,0.2,0.0,0.6666666666666666,1.0,0.6,0.0,912.7457214248888,1032.6827934777054,0.428625595519284,0.9214635195003947,0.8423707250028101
11/09/2022AroucaBoavista,Arouca,Boavista,11/09/2022,2.32,1.6,2.77,2.67,5.0,11,7,0,1,0,0,0.6,0.8,2.2,1.2,0.6,0.8,2.2,1.2,2.25,0.6666666666666666,0.3333333333333333,0.6,0.4,960.9942048884566,1031.6434078329341,0.49906572294841717,0.9645052916969483,0.982618236990761
11/09/2022MaritimoGil Vicente,Maritimo,Gil Vicente,11/09/2022,2.19,1.66,2.61,2.8,5.0,18,13,1,0,2,2,0.6,0.6,3.0,1.0,0.6,0.6,3.0,1.0,2.0,0.3333333333333333,0.6666666666666666,0.8,0.2,895.671340485738,1027.3075373476372,0.41221735186825326,0.9844893421237836,0.9555403552745481
11/09/2022Rio AveSp Braga,Rio Ave,Sp Braga,11/09/2022,1.8,2.0,1.61,5.39,5.0,14,3,1,1,1,0,1.2,3.6,1.6,0.6,1.2,3.6,1.6,0.6,2.4,2.0,4.0,0.6,0.8,987.3471622998238,1222.3320384978633,0.2789392669506392,0.8645707545471684,1.057839857678067
12/09/2022VizelaEstoril,Vizela,Estoril,12/09/2022,2.17,1.67,3.26,2.26,5.0,13,11,1,0,2,2,1.0,1.4,1.2,1.0,1.0,1.4,1.2,1.0,2.5,1.3333333333333333,1.6666666666666667,0.4,0.4,960.6758038834421,960.5679273799775,0.5995458990888487,1.0470926502326543,0.9291269823550257
16/09/2022PortimonenseChaves,Portimonense,Chaves,16/09/2022,2.22,1.65,3.51,2.17,6.0,4,10,0,0,4,3,1.1666666666666667,1.0,1.0,1.1666666666666667,1.4,1.2,1.0,1.2,1.75,0.6666666666666666,1.0,0.5,0.3333333333333333,1011.1047285643375,964.5829219298782,0.6616718459102241,0.8847055087181341,1.1242373178316947
17/09/2022Gil VicenteRio Ave,Gil Vicente,Rio Ave,17/09/2022,2.13,1.7,3.79,2.01,6.0,10,14,2,2,1,3,0.8333333333333334,1.3333333333333333,1.0,1.8333333333333333,0.8,1.6,1.2,2.0,1.5,1.3333333333333333,2.0,0.3333333333333333,0.6666666666666666,1043.7962314223673,976.1895916217983,0.6882879620999458,0.9687086392350276,0.9158744839433967
17/09/2022Santa ClaraPacos Ferreira,Santa Clara,Pacos Ferreira,17/09/2022,2.2,1.67,3.9,2.03,6.0,15,17,0,2,1,3,0.6666666666666666,0.6666666666666666,1.1666666666666667,2.3333333333333335,0.8,0.8,1.4,2.6,2.5,0.6666666666666666,1.3333333333333333,0.5,0.6666666666666666,976.1044073285286,895.6006976041174,0.7039896003437677,0.9471540964755674,0.9941029210543084
17/09/2022EstorilPorto,Estoril,Porto,17/09/2022,1.71,2.13,1.3,10.38,6.0,8,3,1,3,0,0,1.3333333333333333,2.5,0.8333333333333334,0.6666666666666666,1.2,2.0,1.0,0.6,3.1666666666666665,1.3333333333333333,2.0,0.3333333333333333,0.6666666666666666,984.5497633435315,1396.2030823125594,0.12274220935745286,0.9017711397641383,1.2681899798048402
17/09/2022BoavistaSp Lisbon,Boavista,Sp Lisbon,17/09/2022,1.85,1.95,1.47,6.93,6.0,5,7,2,4,1,0,1.0,2.0,1.1666666666666667,1.3333333333333333,1.0,1.8,1.4,1.0,2.3333333333333335,1.0,2.0,0.5,0.6666666666666666,1051.6060367508708,1298.0695172396022,0.26584525308470075,0.9956953819725506,1.2520360419724414
18/09/2022AroucaGuimaraes,Arouca,Guimaraes,18/09/2022,2.18,1.67,2.4,3.0,6.0,12,9,1,1,2,0,0.6666666666666666,0.6666666666666666,2.1666666666666665,0.6666666666666666,0.8,0.6,1.8,0.8,2.5,0.3333333333333333,0.3333333333333333,0.6666666666666666,0.16666666666666666,941.0315759705198,1036.6227702816916,0.46323777026451574,0.9773413810960736,0.9165818927026094
18/09/2022BenficaMaritimo,Benfica,Maritimo,18/09/2022,1.36,3.07,20.3,1.11,6.0,1,18,1,1,0,2,2.3333333333333335,0.6666666666666666,0.5,2.8333333333333335,2.0,0.6,0.6,2.4,3.25,2.0,0.6666666666666666,0.6666666666666666,0.8333333333333334,1295.4203855938458,879.1826464110079,0.9426222718027196,1.176431089783351,0.9980565715365348
18/09/2022Casa PiaFamalicao,Casa Pia,Famalicao,18/09/2022,2.44,1.54,3.24,2.38,6.0,6,16,3,0,2,1,1.0,0.16666666666666666,0.5,1.1666666666666667,1.2,0.2,0.6,1.0,0.0,1.3333333333333333,0.3333333333333333,0.16666666666666666,0.16666666666666666,1049.8278172984767,997.0151785301429,0.6697304940997536,0.9087752044594863,0.9746135517510014
18/09/2022Sp BragaVizela,Sp Braga,Vizela,18/09/2022,1.61,2.3,8.83,1.32,6.0,2,14,3,0,2,1,3.5,0.8333333333333334,0.8333333333333334,1.1666666666666667,3.6,0.8,0.4,1.4,3.0,3.3333333333333335,1.0,0.8333333333333334,0.3333333333333333,1233.489609175889,936.6939679198881,0.8920106479297496,1.1206121981920432,1.0162636007466126
30/09/2022Sp LisbonGil Vicente,Sp Lisbon,Gil Vicente,30/09/2022,1.62,2.28,9.71,1.3,7.0,8,10,1,2,2,2,1.8571428571428572,1.0,1.4285714285714286,1.1428571428571428,1.4,1.2,1.4,1.4,3.6666666666666665,2.3333333333333335,1.3333333333333333,0.7142857142857143,0.42857142857142855,1268.7033273629902,1036.2647129383695,0.8508110709623188,1.2496936335461444,1.007621420814013
30/09/2022PortoSp Braga,Porto,Sp Braga,30/09/2022,1.75,2.07,4.26,1.78,7.0,3,2,1,2,1,0,2.2857142857142856,3.2857142857142856,0.7142857142857143,0.7142857142857143,2.0,3.4,0.8,0.4,2.5,2.0,2.0,0.5714285714285714,0.7142857142857143,1381.1127706868576,1237.809183258699,0.7734462845345856,1.2491376333516178,1.103941455122711
01/10/2022VizelaPortimonense,Vizela,Portimonense,01/10/2022,2.14,1.7,3.36,2.18,7.0,15,4,0,1,2,0,0.7142857142857143,1.1428571428571428,1.2857142857142858,0.8571428571428571,0.8,1.0,1.6,1.0,1.0,0.3333333333333333,0.6666666666666666,0.2857142857142857,0.42857142857142855,932.3743938370781,1024.6378547279285,0.468004085825203,1.0011451954623451,0.8582600714976798
01/10/2022ChavesEstoril,Chaves,Estoril,01/10/2022,2.16,1.69,3.19,2.29,7.0,11,8,0,1,1,1,0.8571428571428571,1.2857142857142858,1.1428571428571428,0.8571428571428571,0.8,1.4,1.2,1.0,2.0,0.3333333333333333,0.6666666666666666,0.2857142857142857,0.2857142857142857,951.0497957662872,999.6400749692334,0.5307721246318274,1.0906318444661136,0.8882235984257755
01/10/2022GuimaraesBenfica,Guimaraes,Benfica,01/10/2022,1.68,2.19,1.37,7.89,7.0,9,1,2,5,2,0,0.8571428571428571,2.7142857142857144,0.8571428571428571,0.42857142857142855,0.8,2.8,1.2,0.6,2.75,1.0,2.6666666666666665,0.2857142857142857,0.7142857142857143,1035.1522810922722,1297.715494721737,0.24815381933191963,0.9526075128553467,1.2178042565673945
02/10/2022Rio AveSanta Clara,Rio Ave,Santa Clara,02/10/2022,2.28,1.62,2.88,2.52,7.0,14,15,2,1,2,1,1.4285714285714286,0.7142857142857143,1.8571428571428572,1.1428571428571428,2.0,0.8,1.8,1.2,2.6666666666666665,1.6666666666666667,1.0,0.7142857142857143,0.42857142857142855,983.7211101057961,967.9448233147779,0.6209936738572194,0.9526649308373142,0.940033674082845
02/10/2022Pacos FerreiraArouca,Pacos Ferreira,Arouca,02/10/2022,2.22,1.65,3.26,2.28,7.0,17,13,1,2,1,2,0.7142857142857143,0.8571428571428571,2.142857142857143,2.142857142857143,1.0,1.0,2.2,2.2,1.0,1.0,1.0,0.5714285714285714,0.7142857142857143,903.7602816178681,942.5020651599392,0.544863209236488,0.9866295513818494,1.0157551111023488
02/10/2022FamalicaoBoavista,Famalicao,Boavista,02/10/2022,2.25,1.64,3.34,2.25,7.0,16,5,0,2,1,1,0.14285714285714285,1.1428571428571428,1.1428571428571428,1.1428571428571428,0.2,1.0,0.6,1.4,3.6666666666666665,0.0,1.6666666666666667,0.14285714285714285,0.5714285714285714,983.804398294133,1080.9722266274828,0.46098184532840464,0.9478905168696532,0.9938325560038322
03/10/2022MaritimoCasa Pia,Maritimo,Casa Pia,03/10/2022,2.27,1.62,2.52,2.86,7.0,18,6,0,1,5,0,0.5714285714285714,1.0,3.142857142857143,0.42857142857142855,0.4,1.4,3.0,0.4,0.0,0.6666666666666666,1.3333333333333333,0.8571428571428571,0.14285714285714285,876.8875372831167,1063.0385975344866,0.33880608280448476,1.0331565968186756,0.8838573983768149
07/10/2022Gil VicenteEstoril,Gil Vicente,Estoril,07/10/2022,1.95,1.85,3.29,2.17,8.0,12,8,1,1,3,1,1.0,1.25,1.375,0.875,1.4,1.2,2.0,0.8,2.0,1.6666666666666667,1.0,0.5,0.25,1030.2971557768622,1000.8709599545065,0.6393036782256425,1.0212560395812145,0.8804884061009984
08/10/2022Santa ClaraSp Lisbon,Santa Clara,Sp Lisbon,08/10/2022,1.85,1.95,1.51,6.28,8.0,16,8,0,3,1,1,0.625,2.0,1.125,1.375,0.6,2.0,1.0,1.0,3.0,0.3333333333333333,2.6666666666666665,0.375,0.75,952.7845702690666,1274.6708845244975,0.19000553964176828,0.9140257305202881,1.26660384994015
08/10/2022BenficaRio Ave,Benfica,Rio Ave,08/10/2022,1.46,2.66,16.49,1.15,8.0,1,11,0,1,0,0,2.375,1.375,0.375,1.625,2.2,1.8,0.6,1.4,3.2,2.0,1.6666666666666667,0.625,0.625,1287.6416474950138,998.8813631515073,0.8874735294031871,1.1569140437390248,0.9263075178654674
08/10/2022PortimonensePorto,Portimonense,Porto,08/10/2022,1.75,2.07,1.43,7.16,8.0,6,3,0,4,1,1,1.0,2.5,0.875,0.75,0.6,2.2,1.0,1.0,4.4,0.3333333333333333,2.6666666666666665,0.375,0.625,1003.3580181609366,1390.1749193054743,0.13898514692628458,0.8353241902129983,1.2772652655058176
08/10/2022Pacos FerreiraGuimaraes,Pacos Ferreira,Guimaraes,08/10/2022,2.23,1.65,2.33,3.13,8.0,17,9,1,0,1,0,0.75,0.75,2.0,0.75,1.2,0.6,1.8,0.8,3.0,1.3333333333333333,1.0,0.5,0.25,901.9657532484086,1045.2261283189955,0.3961050945528552,0.9766776443044968,0.9049771372125793
09/10/2022BoavistaMaritimo,Boavista,Maritimo,09/10/2022,2.06,1.75,3.97,1.94,8.0,8,18,0,1,4,2,1.0,0.625,1.5,3.0,1.0,0.6,1.8,2.4,1.6666666666666667,1.3333333333333333,0.6666666666666666,0.625,0.875,1059.411500440619,863.3352939709373,0.8222487357793478,1.0285388608511734,1.0493830208293118
09/10/2022Casa PiaVizela,Casa Pia,Vizela,09/10/2022,2.33,1.6,3.13,2.39,8.0,4,14,2,1,1,0,1.125,0.75,0.5,1.125,1.4,0.8,0.6,1.4,0.0,2.0,0.3333333333333333,0.25,0.25,1076.590840846666,953.65423040407,0.7522469929917073,0.8977389773699336,0.9743908955544115
09/10/2022Sp BragaChaves,Sp Braga,Chaves,09/10/2022,1.57,2.38,9.6,1.29,8.0,3,10,1,1,4,1,3.0,0.875,1.125,1.125,2.6,0.8,1.2,1.2,1.8333333333333333,2.0,0.3333333333333333,0.75,0.25,1228.7470346400823,949.8189107810141,0.881696208477719,1.1287996119345818,1.0811339577994865
10/10/2022AroucaFamalicao,Arouca,Famalicao,10/10/2022,2.22,1.65,2.62,2.73,8.0,14,15,1,4,1,0,0.875,0.625,2.0,1.0,0.8,1.0,2.2,0.6,1.5,1.3333333333333333,1.3333333333333333,0.625,0.25,944.2965935293987,1005.3651244809968,0.5128505865726509,1.0055094211522773,0.9809924484190309
21/10/2022PortoBenfica,Porto,Benfica,21/10/2022,1.99,1.83,3.08,2.37,9.0,2,1,2,4,0,2,2.4444444444444446,2.5555555555555554,0.6666666666666666,0.5555555555555556,2.4,2.4,0.4,0.6,2.0833333333333335,2.3333333333333335,3.0,0.5555555555555556,0.6666666666666666,1395.7343251825257,1292.1427063188862,0.7309157524039067,1.261287602179213,1.2286149528939758
22/10/2022FamalicaoPacos Ferreira,Famalicao,Pacos Ferreira,22/10/2022,2.16,1.69,5.11,1.71,9.0,15,17,1,0,4,1,0.6666666666666666,0.6666666666666666,1.3333333333333333,1.8888888888888888,1.0,0.8,1.4,1.4,2.5,1.6666666666666667,0.6666666666666666,0.3333333333333333,0.4444444444444444,985.8791479439028,886.1215494662945,0.7265529354581701,1.0313949026234814,0.9499437679099736
22/10/2022EstorilSp Braga,Estoril,Sp Braga,22/10/2022,1.75,2.06,1.7,4.66,9.0,7,3,1,0,0,1,1.2222222222222223,2.6666666666666665,0.7777777777777778,1.1111111111111112,0.8,1.4,0.8,1.4,3.3333333333333335,1.0,1.0,0.2222222222222222,0.6666666666666666,1026.4431070835321,1193.4791863009737,0.36387502525836024,0.8560477133087878,1.090858726529264
22/10/2022Sp LisbonCasa Pia,Sp Lisbon,Casa Pia,22/10/2022,1.75,2.07,10.22,1.29,9.0,5,4,2,0,1,1,2.0,1.0,1.3333333333333333,0.5555555555555556,2.4,1.2,0.8,0.8,0.0,2.0,1.0,0.7777777777777778,0.2222222222222222,1282.2711061101681,1046.5009611269977,0.8532290022012953,1.2689173236951268,0.8733776718456517
23/10/2022MaritimoArouca,Maritimo,Arouca,23/10/2022,2.17,1.68,2.75,2.59,9.0,18,11,1,4,1,1,0.6666666666666666,1.2222222222222223,2.7777777777777777,1.8888888888888888,0.8,1.6,2.4,1.2,3.0,0.6666666666666666,2.3333333333333335,0.7777777777777778,0.6666666666666666,876.2252434021112,963.7825700664927,0.4747544619456344,1.0358039900569993,1.0571715339783723
23/10/2022VizelaSanta Clara,Vizela,Santa Clara,23/10/2022,2.25,1.64,3.91,1.99,9.0,12,16,1,1,0,2,0.7777777777777778,0.6666666666666666,1.0,1.2222222222222223,0.6,0.8,1.0,1.2,3.0,0.6666666666666666,0.6666666666666666,0.2222222222222222,0.4444444444444444,983.7441101237382,945.1843486833959,0.6513367472933558,0.9479495413244524,0.9156952142653692
23/10/2022ChavesGil Vicente,Chaves,Gil Vicente,23/10/2022,2.02,1.79,2.71,2.55,9.0,10,14,1,0,0,1,0.8888888888888888,0.8888888888888888,1.0,1.3333333333333333,0.6,1.0,1.2,1.8,0.0,0.6666666666666666,1.0,0.2222222222222222,0.4444444444444444,985.0867591201229,1004.7250086478365,0.5719730073377786,1.0447951965463995,0.9929079035323555
23/10/2022GuimaraesBoavista,Guimaraes,Boavista,23/10/2022,2.35,1.59,3.77,2.07,9.0,9,6,1,1,0,1,0.7777777777777778,1.0,0.6666666666666666,1.4444444444444444,0.8,1.2,0.6,1.4,1.9166666666666667,1.0,1.0,0.2222222222222222,0.5555555555555556,1061.0703321011097,1046.5215510094451,0.6193291788341613,0.88020586588555,1.0152295537966534
24/10/2022Rio AvePortimonense,Rio Ave,Portimonense,24/10/2022,2.19,1.67,2.86,2.56,9.0,14,10,2,0,4,2,1.4444444444444444,0.8888888888888888,1.8888888888888888,1.0,1.6,0.4,2.0,1.4,2.375,1.6666666666666667,0.3333333333333333,0.6666666666666666,0.3333333333333333,994.3803043276348,997.7986122838852,0.5946627566113675,0.9837163560997817,0.824874889632898
28/10/2022Pacos FerreiraMaritimo,Pacos Ferreira,Maritimo,28/10/2022,2.18,1.66,3.23,2.28,10.0,17,18,1,1,2,1,0.7,0.7,1.9,2.6,1.0,0.8,1.6,2.2,1.8,0.6666666666666666,1.0,0.5,0.7,875.1836668846213,877.2350649242859,0.596557966150453,0.9606202236224518,1.0218506020027807
29/10/2022Santa ClaraPorto,Santa Clara,Porto,29/10/2022,1.84,1.94,1.39,7.76,10.0,16,3,1,0,0,1,0.7,2.2,1.1,0.7,0.6,2.0,1.0,0.6,2.25,0.6666666666666666,2.0,0.4,0.5,971.2378185751302,1366.4976950863695,0.13327046278713872,0.8910086229462821,1.2145017151431963
29/10/2022BenficaChaves,Benfica,Chaves,29/10/2022,1.44,2.7,14.88,1.17,10.0,1,9,1,3,0,1,2.4,1.1,0.5,1.0,2.2,1.0,0.4,1.2,3.0,1.6666666666666667,1.6666666666666667,0.6,0.3,1321.3793364150424,1002.2078388266118,0.9038063018999386,1.1830410169434888,1.0731268570042773
29/10/2022AroucaSp Lisbon,Arouca,Sp Lisbon,29/10/2022,1.87,1.9,1.45,6.92,10.0,11,4,1,3,1,1,1.2,2.1,1.8,1.3,1.8,2.6,1.4,1.0,2.75,2.0,2.6666666666666665,0.6,0.8,962.772748544318,1288.1419460221164,0.18693907732600235,1.0429303022443044,1.2970698605596964
30/10/2022BoavistaVizela,Boavista,Vizela,30/10/2022,2.14,1.68,2.85,2.49,10.0,8,13,2,0,3,1,1.1,0.7,1.6,1.0,1.4,0.4,2.0,0.8,3.0,1.0,0.6666666666666666,0.6,0.2,1031.2947181628117,957.690640232004,0.6956464467780014,1.0780778620395612,0.9223933927793636
30/10/2022PortimonenseEstoril,Portimonense,Estoril,30/10/2022,2.22,1.64,3.09,2.34,10.0,10,9,0,0,1,2,0.8,1.1,1.0,0.9,0.2,0.8,1.6,0.8,1.25,0.0,0.6666666666666666,0.3,0.2,981.5851225483399,1011.8881060731977,0.5568812912683858,0.8039622089543351,0.8499136871909372
30/10/2022Casa PiaRio Ave,Casa Pia,Rio Ave,30/10/2022,2.28,1.6,3.76,2.03,10.0,5,12,1,1,3,0,1.0,1.4,0.8,1.7,1.4,1.6,1.4,1.8,0.0,1.0,1.3333333333333333,0.3,0.6,1040.6301212150495,1010.5937940631801,0.6401131748873072,0.8927546609088369,0.9587766394325067
30/10/2022Gil VicenteSp Braga,Gil Vicente,Sp Braga,30/10/2022,1.78,2.01,1.75,4.4,10.0,16,3,1,2,3,0,0.9,2.6,1.5,1.0,1.2,1.6,2.0,1.4,1.8333333333333333,0.6666666666666666,1.0,0.5,0.6,987.6039289413476,1208.034187311308,0.29609851796886594,1.019832538792748,1.0830421576448588
31/10/2022GuimaraesFamalicao,Guimaraes,Famalicao,31/10/2022,2.29,1.6,3.78,2.02,10.0,6,14,3,2,2,1,1.0,0.8,0.8,1.3,1.4,1.4,0.8,1.4,3.1666666666666665,1.3333333333333333,2.3333333333333335,0.3,0.4,1076.297164947743,996.817030525576,0.7027602667170745,0.9346954632081582,1.0429867908719437
04/11/2022Gil VicentePortimonense,Gil Vicente,Portimonense,04/11/2022,1.98,1.82,3.11,2.26,11.0,16,9,0,1,1,1,0.8181818181818182,0.8181818181818182,1.4545454545454546,1.0,0.8,0.4,2.0,1.0,1.8333333333333333,0.3333333333333333,0.3333333333333333,0.45454545454545453,0.2727272727272727,975.7599882225929,979.3098708976045,0.5944801794226838,0.9873074136959301,0.8108277010851397
05/11/2022VizelaArouca,Vizela,Arouca,05/11/2022,2.19,1.66,4.14,1.95,11.0,12,10,2,1,2,0,0.8181818181818182,1.1818181818181819,1.0909090909090908,1.6363636363636365,0.8,1.8,1.0,1.0,4.0,1.0,2.0,0.2727272727272727,0.5454545454545454,965.516498103124,995.2951854512779,0.557625920742643,0.9504798661444378,1.0062031570582162
05/11/2022PortoPacos Ferreira,Porto,Pacos Ferreira,05/11/2022,1.43,2.76,21.13,1.12,11.0,3,18,1,0,1,1,2.090909090909091,0.6363636363636364,0.7272727272727273,1.8181818181818181,1.6,0.6,0.8,1.2,3.2,1.0,0.3333333333333333,0.45454545454545453,0.45454545454545453,1351.8285135978551,851.3213482386032,0.9638794136709065,1.1986695731464825,0.932161545188211
05/11/2022Sp LisbonGuimaraes,Sp Lisbon,Guimaraes,05/11/2022,1.71,2.12,9.0,1.33,11.0,6,5,0,3,1,2,1.9090909090909092,1.1818181818181819,1.2727272727272727,0.9090909090909091,1.8,1.8,1.2,1.2,2.9166666666666665,1.6666666666666667,2.3333333333333335,0.7272727272727273,0.36363636363636365,1255.6195091151565,1088.18675427906,0.796858251196246,1.251393104420995,0.9838391813912498
06/11/2022Rio AveBoavista,Rio Ave,Boavista,06/11/2022,2.27,1.62,3.04,2.42,11.0,12,9,0,2,1,2,1.2727272727272727,1.1818181818181819,1.6363636363636365,1.6363636363636365,1.2,1.4,1.4,2.2,2.3,1.0,1.6666666666666667,0.5454545454545454,0.6363636363636364,996.1983210586724,1023.4688602916916,0.5611844683342537,0.9332403788231408,1.1109048590613115
06/11/2022MaritimoFamalicao,Maritimo,Famalicao,06/11/2022,2.17,1.67,2.6,2.77,11.0,17,14,1,2,0,3,0.7272727272727273,0.9090909090909091,2.3636363636363638,1.4545454545454546,0.8,1.8,1.8,1.8,2.6666666666666665,1.0,1.6666666666666667,0.6363636363636364,0.45454545454545453,901.097383570304,984.927441194259,0.48010745281823164,0.9915779542121989,1.0978241693945385
06/11/2022Sp BragaCasa Pia,Sp Braga,Casa Pia,06/11/2022,1.74,2.08,7.38,1.41,11.0,3,5,1,1,0,0,2.4545454545454546,1.0,0.9090909090909091,0.7272727272727273,1.2,1.0,1.0,1.0,0.0,1.0,0.6666666666666666,0.5454545454545454,0.2727272727272727,1219.8781280300625,1055.0255942195572,0.7944433243332676,1.048501112598163,0.8689768436951344
06/11/2022EstorilBenfica,Estoril,Benfica,06/11/2022,1.57,2.38,1.29,9.54,11.0,10,1,1,5,1,0,1.0909090909090908,2.6363636363636362,0.9090909090909091,0.45454545454545453,0.8,3.0,1.0,0.4,2.6666666666666665,0.6666666666666666,3.3333333333333335,0.18181818181818182,0.6363636363636364,1014.1633577239331,1325.227084339045,0.199779291840988,0.8571715852193307,1.2170745940090835
07/11/2022ChavesSanta Clara,Chaves,Santa Clara,07/11/2022,2.35,1.58,3.18,2.35,11.0,12,15,0,1,5,1,1.0,0.7272727272727273,1.3636363636363635,1.0909090909090908,1.0,0.8,1.6,1.0,0.5,1.3333333333333333,1.0,0.36363636363636365,0.36363636363636365,998.3600909026094,985.9070000636447,0.6164809538626868,1.1039984371658627,0.8793935096344672
12/11/2022AroucaRio Ave,Arouca,Rio Ave,12/11/2022,2.25,1.63,3.23,2.29,12.0,8,12,1,1,0,0,1.1666666666666667,1.25,1.5,1.5,1.6,1.0,0.6,1.0,2.5,1.0,0.6666666666666666,0.5,0.5,1017.6002222809836,1013.7509423253023,0.6047055291508038,0.9769350020003027,0.9045817017855375
12/11/2022BoavistaPorto,Boavista,Porto,12/11/2022,1.72,2.1,1.35,9.1,12.0,9,2,0,4,1,0,1.0833333333333333,2.25,1.5833333333333333,0.6666666666666666,1.0,2.2,2.2,0.6,2.75,1.3333333333333333,1.6666666666666667,0.5833333333333334,0.5,1005.9162390250617,1353.2733370510189,0.1684579369000325,1.076790321909061,1.2245581286772853
13/11/2022GuimaraesMaritimo,Guimaraes,Maritimo,13/11/2022,2.04,1.77,5.03,1.7,12.0,6,17,0,0,3,0,1.0833333333333333,0.6666666666666666,1.0833333333333333,2.1666666666666665,1.4,0.8,1.4,0.8,1.75,2.0,0.6666666666666666,0.4166666666666667,0.5833333333333334,1080.0610843269098,901.8930854575748,0.8066783819771789,0.9825937866650807,0.9419990565015889
13/11/2022Pacos FerreiraVizela,Pacos Ferreira,Vizela,13/11/2022,2.15,1.69,2.36,3.1,12.0,18,13,0,0,4,1,0.5833333333333334,0.75,2.0,1.0833333333333333,0.4,0.8,1.8,0.8,2.5,0.3333333333333333,0.6666666666666666,0.5,0.25,849.8765247854394,943.2114612734183,0.4664687306822808,0.9522941292354871,0.9228325745347865
13/11/2022BenficaGil Vicente,Benfica,Gil Vicente,13/11/2022,1.37,3.04,18.66,1.13,12.0,1,16,5,1,1,2,2.8333333333333335,0.8333333333333334,0.5,1.5,3.0,0.6,0.6,2.0,2.1666666666666665,3.6666666666666665,0.6666666666666666,0.6666666666666666,0.5,1333.2182560126844,951.9807810456856,0.9307025555510559,1.2962161722133991,1.0119405015242078
13/11/2022Casa PiaChaves,Casa Pia,Chaves,13/11/2022,2.16,1.68,3.68,2.06,12.0,4,12,1,0,0,0,1.0,0.9166666666666666,0.6666666666666666,1.25,1.0,1.0,1.0,1.4,0.0,1.0,1.0,0.25,0.3333333333333333,1086.803327192888,993.700852748102,0.7188760581541188,0.844602850129699,1.0487985153075694
13/11/2022PortimonenseSp Braga,Portimonense,Sp Braga,13/11/2022,1.74,2.07,1.67,4.83,12.0,7,3,2,0,1,1,0.9166666666666666,2.25,1.0,0.9166666666666666,0.6,0.8,1.2,1.2,2.4,1.0,1.0,0.3333333333333333,0.5,1003.0890780745118,1188.1003950567317,0.34027738121115997,0.8310576615790675,1.019091629989688
13/11/2022FamalicaoSp Lisbon,Famalicao,Sp Lisbon,13/11/2022,1.83,1.97,1.65,5.19,12.0,14,5,0,3,0,0,0.8333333333333334,2.0,1.3333333333333333,1.1666666666666667,1.8,2.2,1.6,0.8,2.8333333333333335,1.3333333333333333,2.0,0.4166666666666667,0.75,984.1317393069883,1263.7451790673067,0.23029753030866665,1.0429329609248115,1.2498090260450896
14/11/2022Santa ClaraEstoril,Santa Clara,Estoril,14/11/2022,2.26,1.63,3.2,2.32,12.0,15,12,0,1,0,5,0.6666666666666666,1.0833333333333333,1.0,1.25,0.6,0.8,0.8,1.8,3.0,0.6666666666666666,0.6666666666666666,0.3333333333333333,0.25,990.5662382181521,1006.1721860502936,0.5776459840987208,0.8354238341527438,0.9129100850451242
23/12/2022Rio AveMaritimo,Rio Ave,Maritimo,23/12/2022,2.12,1.72,3.88,2.0,13.0,10,17,1,0,0,1,1.2307692307692308,0.6153846153846154,1.3846153846153846,2.076923076923077,1.0,0.6,1.0,0.6,1.7,0.6666666666666666,0.3333333333333333,0.46153846153846156,0.5384615384615384,1037.9391634913345,894.1602207366619,0.7739254111526597,0.8798248077417749,0.9152533948102646
28/12/2022PortimonenseCasa Pia,Portimonense,Casa Pia,28/12/2022,2.21,1.66,3.14,2.35,13.0,7,5,1,1,2,2,0.9230769230769231,1.0,1.0769230769230769,0.7692307692307693,0.8,0.8,1.4,1.2,0.0,1.3333333333333333,1.0,0.38461538461538464,0.3076923076923077,989.4779828260654,1058.0482848667232,0.5020574891421115,0.8483807404198553,0.8595810265941887
28/12/2022PortoArouca,Porto,Arouca,28/12/2022,1.46,2.65,20.31,1.13,13.0,2,10,4,0,1,1,2.3846153846153846,1.0769230769230769,0.6923076923076923,1.4615384615384615,2.2,1.4,0.6,0.6,3.0,3.0,0.6666666666666666,0.5384615384615384,0.46153846153846156,1360.0116545270203,993.4120011149515,0.9250668507930263,1.2561988132451567,0.9501979186783379
29/12/2022Gil VicenteSanta Clara,Gil Vicente,Santa Clara,29/12/2022,2.17,1.68,3.45,2.17,13.0,16,14,1,3,3,1,0.8461538461538461,0.8461538461538461,1.6153846153846154,1.0,0.6,1.2,2.0,0.8,1.5,0.6666666666666666,1.3333333333333333,0.5384615384615384,0.38461538461538464,949.2088832677279,1007.4603988542033,0.5169009868831906,1.0230615769584956,0.8812844928436545
29/12/2022Sp LisbonPacos Ferreira,Sp Lisbon,Pacos Ferreira,29/12/2022,1.46,2.61,20.17,1.14,13.0,5,18,2,0,1,2,2.0,0.5384615384615384,1.1538461538461537,2.0,2.0,0.2,0.8,2.0,2.4,1.6666666666666667,0.0,0.7692307692307693,0.46153846153846156,1272.9570802796534,831.2177755581482,0.9500649996567931,1.2448486387526976,0.9480242299508592
30/12/2022ChavesFamalicao,Chaves,Famalicao,30/12/2022,2.19,1.66,2.94,2.49,13.0,8,16,2,1,1,2,1.0,0.8461538461538461,1.2307692307692308,1.3846153846153846,1.2,1.2,1.4,2.0,0.0,0.6666666666666666,1.0,0.38461538461538464,0.46153846153846156,1022.4558950742667,974.9198380946416,0.6629776279118019,1.067397895164693,1.0387936473990014
30/12/2022VizelaGuimaraes,Vizela,Guimaraes,30/12/2022,2.13,1.7,3.25,2.25,13.0,13,6,2,1,0,0,0.8461538461538461,1.0769230769230769,1.0,1.0,1.0,1.6,0.8,1.4,4.5,1.3333333333333333,1.3333333333333333,0.23076923076923078,0.38461538461538464,961.8702105007095,1087.7939490478227,0.42020718990522987,0.9186947750578531,0.9546955411023504
30/12/2022Sp BragaBenfica,Sp Braga,Benfica,30/12/2022,1.82,1.98,1.72,4.6,13.0,3,1,2,3,1,1,2.230769230769231,2.8461538461538463,0.9230769230769231,0.5384615384615384,1.0,3.6,0.6,0.8,4.166666666666667,1.0,4.333333333333333,0.5384615384615384,0.6923076923076923,1201.7114903051781,1335.9901537906421,0.40853673717617917,1.04033420492577,1.310461394940048
05/01/2023Santa ClaraSp Braga,Santa Clara,Sp Braga,05/01/2023,1.91,1.88,1.68,4.98,14.0,15,3,0,3,1,0,0.7857142857142857,2.2857142857142856,1.0,0.8571428571428571,1.0,1.6,0.6,0.4,2.25,1.0,1.6666666666666667,0.35714285714285715,0.5714285714285714,988.1364383295308,1225.370020818131,0.2763431580311908,0.8567694336187274,1.0341028953266673
06/01/2023BenficaPortimonense,Benfica,Portimonense,06/01/2023,1.43,2.79,17.34,1.16,14.0,1,8,0,1,3,2,2.642857142857143,0.9285714285714286,0.7142857142857143,1.1428571428571428,2.8,1.0,1.0,1.4,3.6,2.6666666666666665,1.3333333333333333,0.7142857142857143,0.42857142857142855,1312.3316232776892,969.3956832603809,0.9150604537276876,1.3026120993666837,0.8757631510154189
06/01/2023FamalicaoVizela,Famalicao,Vizela,06/01/2023,2.25,1.64,3.08,2.43,14.0,14,11,2,3,0,0,0.9285714285714286,1.0,1.2857142857142858,0.9285714285714286,1.4,1.4,1.2,0.8,2.0,1.0,1.6666666666666667,0.42857142857142855,0.2857142857142857,1001.4389432111137,985.0619229045003,0.6218072329208078,1.0243282753881027,0.935607297465016
07/01/2023AroucaEstoril,Arouca,Estoril,07/01/2023,2.1,1.74,3.22,2.27,13.5,10,14,1,1,5,3,1.0714285714285714,1.0769230769230769,1.7142857142857142,1.3846153846153846,0.8,0.8,1.4,2.2,3.5,0.6666666666666666,1.0,0.5,0.3076923076923077,990.4146751466726,989.2780254142424,0.6009668965942393,0.9982143030869427,0.9630243577223029
07/01/2023GuimaraesRio Ave,Guimaraes,Rio Ave,07/01/2023,2.31,1.61,3.85,2.02,14.0,6,7,0,1,3,1,1.0,1.2142857142857142,1.1428571428571428,1.3571428571428572,1.4,0.8,2.0,0.4,2.7,0.3333333333333333,1.0,0.42857142857142855,0.42857142857142855,1064.6022366440318,1026.9821470452282,0.6501073329613158,0.972270812203566,0.879537311287034
07/01/2023Casa PiaPorto,Casa Pia,Porto,07/01/2023,1.85,1.95,1.38,8.6,14.0,5,3,2,5,1,1,1.0714285714285714,2.5714285714285716,0.7857142857142857,0.7142857142857143,1.2,2.8,1.2,0.8,0.0,1.3333333333333333,4.333333333333333,0.35714285714285715,0.5714285714285714,1078.1305844324077,1363.0089804952993,0.22496916296661845,0.887324938600854,1.319678351481055
08/01/2023Pacos FerreiraChaves,Pacos Ferreira,Chaves,08/01/2023,2.15,1.69,2.54,2.82,14.0,18,10,0,0,3,2,0.5,0.9285714285714286,2.0714285714285716,1.2857142857142858,0.2,1.0,2.4,1.8,2.75,0.0,0.6666666666666666,0.5,0.35714285714285715,829.22037554442,995.9367899577946,0.36430106870704554,0.9488216493006121,1.0525342043095671
08/01/2023MaritimoSp Lisbon,Maritimo,Sp Lisbon,08/01/2023,1.69,2.15,1.38,7.98,14.0,17,4,1,3,1,0,0.6428571428571429,2.0714285714285716,2.0,1.0714285714285714,0.6,2.2,0.6,0.6,2.5,0.3333333333333333,2.6666666666666665,0.5,0.7857142857142857,905.1172371827683,1274.9544802933817,0.15109969326954675,0.9149543215130785,1.2458957284374268
08/01/2023BoavistaGil Vicente,Boavista,Gil Vicente,08/01/2023,2.08,1.75,2.73,2.61,13.5,13,16,1,1,4,0,1.0769230769230769,0.8571428571428571,1.7692307692307692,1.5,1.2,0.8,2.2,1.8,2.0,1.0,1.0,0.6153846153846154,0.5,999.1779215490604,968.5328437924002,0.6409200460428292,1.1046129153191941,0.9946026453041356
13/01/2023PortimonenseSanta Clara,Portimonense,Santa Clara,13/01/2023,2.17,1.69,3.83,2.01,15.0,11,15,0,0,1,4,0.8666666666666667,0.7333333333333333,1.1333333333333333,1.2,1.0,0.8,1.4,1.4,2.625,0.6666666666666666,1.0,0.4,0.4,965.9981014094884,977.0827120082832,0.5839826344750646,0.847328758418715,0.8912927025939067
14/01/2023VizelaMaritimo,Vizela,Maritimo,14/01/2023,2.09,1.74,4.4,1.83,15.0,12,17,1,1,2,0,1.0,0.6666666666666666,1.0,1.8666666666666667,1.6,0.6,1.0,0.4,2.0,2.0,0.6666666666666666,0.3333333333333333,0.4666666666666667,969.9342122213326,939.0732494519865,0.6412060006521565,0.9474019045432783,0.88525931317492
14/01/2023Rio AvePacos Ferreira,Rio Ave,Pacos Ferreira,14/01/2023,2.23,1.65,4.11,1.94,15.0,8,18,0,1,0,1,1.1333333333333333,0.5333333333333333,1.2666666666666666,2.0,0.6,0.2,0.4,2.2,2.25,0.6666666666666666,0.3333333333333333,0.4,0.4666666666666667,1032.986440363681,834.6483327961382,0.8241437858390295,0.8355604457226823,0.9393840823852152
14/01/2023Sp BragaBoavista,Sp Braga,Boavista,14/01/2023,1.69,2.17,9.66,1.31,14.5,2,11,4,1,0,0,2.4,1.0714285714285714,0.8,1.6428571428571428,2.0,1.2,0.4,2.0,2.9166666666666665,3.0,0.6666666666666666,0.6,0.5714285714285714,1236.4237471393787,1013.5411197073473,0.8436931671580764,1.0757717632887116,1.0694908024376248
15/01/2023ChavesArouca,Chaves,Arouca,15/01/2023,2.11,1.73,3.41,2.16,15.0,11,7,1,2,1,0,0.9333333333333333,1.1333333333333333,1.2666666666666666,1.6,0.6,1.0,1.8,1.2,1.5,1.0,1.0,0.3333333333333333,0.4666666666666667,990.5088327060764,1006.3759992829031,0.5772790829686533,1.042065048181819,0.989839401309742
15/01/2023BenficaSp Lisbon,Benfica,Sp Lisbon,15/01/2023,1.72,2.11,3.98,1.83,15.0,1,4,1,0,0,1,2.533333333333333,1.9333333333333333,0.6666666666666666,1.0666666666666667,2.8,1.6,1.0,0.6,2.8333333333333335,1.3333333333333333,1.6666666666666667,0.6666666666666666,0.7333333333333333,1315.7292051285817,1240.9984680241637,0.6970178430480246,1.2603187192539633,1.2054599567551387
15/01/2023PortoFamalicao,Porto,Famalicao,15/01/2023,1.55,2.42,15.2,1.18,15.0,3,13,0,2,0,1,2.4,1.0,0.6666666666666666,1.2666666666666666,2.8,1.4,0.6,1.2,3.8333333333333335,3.0,1.6666666666666667,0.5333333333333333,0.4666666666666667,1352.007747013964,1016.5666538942814,0.9116465040776437,1.2536944339070022,1.0372413314962488
16/01/2023EstorilCasa Pia,Estoril,Casa Pia,16/01/2023,2.32,1.6,2.58,2.84,14.5,14,5,0,0,2,0,1.0,1.0,1.4285714285714286,0.7333333333333333,0.6,1.0,2.6,0.6,0.0,0.6666666666666666,1.0,0.2857142857142857,0.3333333333333333,973.3167012780119,1089.131817913743,0.43444627371670963,0.9549446954894191,0.8429586916708113
16/01/2023Gil VicenteGuimaraes,Gil Vicente,Guimaraes,16/01/2023,2.05,1.76,2.91,2.46,15.0,16,6,0,0,1,0,0.8,0.9333333333333333,1.4666666666666666,1.0666666666666667,0.6,0.8,1.4,1.6,4.333333333333333,0.6666666666666666,0.3333333333333333,0.4666666666666667,0.4,954.1696456341133,1058.597943325579,0.45061523314828433,0.9629784030956466,0.9236572715933877
20/01/2023AroucaPortimonense,Arouca,Portimonense,20/01/2023,2.22,1.66,3.04,2.42,16.0,7,11,1,0,1,0,1.125,0.8125,1.5625,1.0625,1.0,0.8,1.4,1.2,1.5,1.3333333333333333,0.3333333333333333,0.4375,0.375,1009.4671626016492,962.6387960304859,0.6620667829711796,0.9787327509225144,0.8049623204977793
20/01/2023Sp LisbonVizela,Sp Lisbon,Vizela,20/01/2023,1.61,2.31,10.2,1.28,16.0,4,8,2,3,2,0,1.9375,1.125,1.125,0.9375,2.0,1.8,0.8,0.6,2.5,1.6666666666666667,2.3333333333333335,0.75,0.375,1248.8791817460847,984.2859721952464,0.8728141608038631,1.208662966039894,0.9678085602715087
21/01/2023Pacos FerreiraSp Braga,Pacos Ferreira,Sp Braga,21/01/2023,1.78,2.04,1.44,6.91,16.0,18,2,1,1,0,0,0.5625,2.3125,1.875,0.75,0.4,2.0,2.0,0.4,3.0,0.6666666666666666,2.6666666666666665,0.4375,0.5625,867.6140842296994,1242.6760204530558,0.1472822651915352,0.9163509083908629,1.0406836632017942
21/01/2023Santa ClaraBenfica,Santa Clara,Benfica,21/01/2023,1.63,2.26,1.29,10.04,16.0,16,1,0,2,0,2,0.6875,2.5,1.125,0.75,0.6,2.2,1.2,1.4,3.75,0.0,1.0,0.375,0.6875,980.4420173872858,1307.8484914066607,0.18516312073383814,0.8467280674642114,1.263667492920728
21/01/2023GuimaraesPorto,Guimaraes,Porto,21/01/2023,1.79,2.03,1.4,7.84,16.0,7,3,1,4,2,1,0.9375,2.5,1.125,0.6875,0.4,3.4,1.6,0.6,2.75,0.3333333333333333,3.0,0.4375,0.5625,1036.6225526515104,1355.5418868508582,0.19264803053986831,0.9397811012968912,1.2874192911239648
22/01/2023MaritimoEstoril,Maritimo,Estoril,22/01/2023,2.4,1.57,3.01,2.51,15.5,17,13,0,2,3,0,0.625,1.0666666666666667,1.9375,1.3333333333333333,0.4,1.0,1.0,2.2,1.3333333333333333,0.6666666666666666,1.0,0.5,0.26666666666666666,924.7214894780727,995.9388503293435,0.49824808407630033,0.9043274424952629,0.9546493707494919
22/01/2023Casa PiaGil Vicente,Casa Pia,Gil Vicente,22/01/2023,2.3,1.61,3.21,2.31,16.0,5,15,0,2,2,1,0.9375,0.875,0.8125,1.4375,0.8,1.0,1.0,1.4,0.0,0.6666666666666666,1.0,0.3125,0.5,1066.5096688624112,976.145036308182,0.7156800520159108,0.8426979995516101,0.9797886424097167
22/01/2023FamalicaoRio Ave,Famalicao,Rio Ave,22/01/2023,2.34,1.59,3.64,2.11,16.0,14,10,1,0,4,1,1.0,1.0625,1.4375,1.25,1.2,0.6,1.4,0.4,2.0,1.6666666666666667,0.3333333333333333,0.5,0.375,1013.0325140573872,1000.0206889301197,0.6172411130922331,1.065143517912782,0.8150729694177165
23/01/2023BoavistaChaves,Boavista,Chaves,23/01/2023,2.2,1.66,3.25,2.24,15.5,12,10,0,1,1,1,1.0,0.9375,1.6,1.25,0.8,0.8,1.6,1.0,2.5,0.6666666666666666,0.6666666666666666,0.5333333333333333,0.3125,1007.2888463936704,987.4176693873303,0.626525578267537,1.0346075664217917,1.030372391619966
26/01/2023Pacos FerreiraBenfica,Pacos Ferreira,Benfica,26/01/2023,1.51,2.52,1.21,12.73,17.0,18,1,1,3,2,0,0.5882352941176471,2.5294117647058822,1.8823529411764706,0.7058823529411765,0.6,1.8,1.6,1.2,3.0,1.0,2.0,0.47058823529411764,0.7058823529411765,861.722793622038,1315.2550162360142,0.09905321647732752,0.9281877704743667,1.2713451211226172
29/01/2023Casa PiaSanta Clara,Casa Pia,Santa Clara,29/01/2023,2.45,1.55,3.84,2.05,17.0,5,16,1,0,3,3,0.9411764705882353,0.6470588235294118,0.9411764705882353,1.2352941176470589,0.8,0.6,1.6,1.8,0.0,0.3333333333333333,0.0,0.35294117647058826,0.4117647058823529,1037.8824667817748,973.0354925579322,0.6848695240192759,0.882213362229908,0.8518725088038147
29/01/2023VizelaRio Ave,Vizela,Rio Ave,29/01/2023,2.14,1.71,4.02,1.93,17.0,9,10,1,0,2,0,1.1176470588235294,1.0,1.0,1.1764705882352942,2.0,0.4,0.8,0.4,1.0,1.6666666666666667,0.0,0.4117647058823529,0.35294117647058826,979.1985386274009,1004.7103334538091,0.5636760401905895,0.9690597624607565,0.7743193209468306
29/01/2023BoavistaPortimonense,Boavista,Portimonense,29/01/2023,2.24,1.64,3.45,2.16,16.5,11,12,1,0,1,4,1.0,0.7647058823529411,1.5625,1.2352941176470589,0.6,0.4,1.4,1.8,2.090909090909091,0.6666666666666666,0.0,0.5,0.4117647058823529,1002.2278232629689,949.1214673493331,0.6701043711682825,1.021698104038785,0.8464525543182339
29/01/2023FamalicaoEstoril,Famalicao,Estoril,29/01/2023,2.32,1.6,3.63,2.1,16.5,14,13,0,0,0,1,0.9411764705882353,1.0,1.3529411764705883,1.3125,1.2,0.8,1.4,2.2,3.3333333333333335,1.0,0.6666666666666666,0.47058823529411764,0.25,1008.3428695336978,975.8687736923955,0.6433395192734762,1.011886342017143,0.9290327853094217
30/01/2023GuimaraesChaves,Guimaraes,Chaves,30/01/2023,2.21,1.66,3.84,1.99,17.0,8,10,0,1,1,1,0.8823529411764706,0.9411764705882353,1.1176470588235294,1.2352941176470589,0.4,1.0,1.2,1.2,3.5714285714285716,0.3333333333333333,1.0,0.4117647058823529,0.29411764705882354,1028.9166314299157,992.4786925180318,0.6485578364078756,0.9083270006465787,1.0175157742301373
31/01/2023Pacos FerreiraGil Vicente,Pacos Ferreira,Gil Vicente,31/01/2023,2.14,1.71,2.38,3.06,17.5,18,15,0,3,2,1,0.5555555555555556,1.0,1.8888888888888888,1.411764705882353,0.6,1.4,1.6,1.2,2.142857142857143,0.6666666666666666,1.6666666666666667,0.4444444444444444,0.5294117647058824,857.7606649629449,1004.7722383888183,0.3909515332218244,0.9132411211671086,1.0257323892484393
31/01/2023AroucaBenfica,Arouca,Benfica,31/01/2023,1.65,2.23,1.31,9.37,17.5,7,1,4,2,0,0,1.2941176470588236,2.5,1.4705882352941178,0.6666666666666666,1.6,1.6,1.4,1.0,2.8,2.3333333333333335,2.3333333333333335,0.47058823529411764,0.6666666666666666,1022.984491282802,1319.2171448951074,0.21377821220018403,1.029179647192641,1.2508725936035336
01/02/2023MaritimoPorto,Maritimo,Porto,01/02/2023,1.63,2.27,1.26,11.68,17.0,17,3,1,1,0,0,0.6470588235294118,2.411764705882353,1.8235294117647058,0.6470588235294118,0.6,2.8,1.0,0.6,2.8461538461538463,0.6666666666666666,1.6666666666666667,0.47058823529411764,0.5294117647058824,944.7915661150207,1363.247808072453,0.118587424621313,0.8800611705987103,1.2443298781678147
01/02/2023Sp LisbonSp Braga,Sp Lisbon,Sp Braga,01/02/2023,1.81,2.0,3.72,1.94,17.0,4,2,2,2,1,1,1.9411764705882353,2.2941176470588234,1.1176470588235294,0.7647058823529411,1.8,2.4,1.0,0.4,2.6153846153846154,1.3333333333333333,2.3333333333333335,0.7647058823529411,0.5882352941176471,1253.96661531393,1248.5673110607172,0.6068363672496795,1.2102255496036802,1.0541265799720811
04/02/2023Santa ClaraBoavista,Santa Clara,Boavista,04/02/2023,2.49,1.52,2.81,2.69,17.5,16,9,1,4,2,2,0.6666666666666666,1.1764705882352942,1.2777777777777777,1.588235294117647,0.2,1.4,2.0,1.6,3.0,0.3333333333333333,1.6666666666666667,0.4444444444444444,0.5294117647058824,960.4302735187033,1015.4236484162376,0.5215828495828116,0.8772896419496674,1.1123813338466721
04/02/2023BenficaCasa Pia,Benfica,Casa Pia,04/02/2023,1.6,2.31,16.39,1.18,18.5,1,5,3,2,0,1,2.526315789473684,1.0,0.631578947368421,0.9444444444444444,2.2,1.0,0.4,1.4,1.0,2.6666666666666665,1.0,0.6842105263157895,0.3888888888888889,1327.7682733831148,1050.4876858210039,0.8807033666696485,1.2466278237615454,0.9085357687627053
04/02/2023EstorilGuimaraes,Estoril,Guimaraes,04/02/2023,2.4,1.57,2.82,2.67,17.5,14,6,0,2,1,1,0.9411764705882353,0.9444444444444444,1.2941176470588236,1.1111111111111112,0.6,0.6,1.4,1.4,2.857142857142857,0.6666666666666666,1.0,0.23529411764705882,0.4444444444444444,961.6023544633346,1042.9743179736006,0.4836402707574304,0.902346211713412,0.9218777954188564
05/02/2023ChavesMaritimo,Chaves,Maritimo,05/02/2023,2.18,1.68,3.66,2.1,18.0,10,17,1,0,2,2,0.9444444444444444,0.6111111111111112,1.2777777777777777,1.8333333333333333,0.8,0.6,1.4,1.2,2.5714285714285716,1.0,0.3333333333333333,0.3333333333333333,0.4444444444444444,978.4210059743468,940.0480691301682,0.6510924761555102,1.032695491913673,0.8682039286257934
05/02/2023Sp BragaFamalicao,Sp Braga,Famalicao,05/02/2023,1.73,2.11,7.8,1.39,18.0,3,12,0,1,5,0,2.1666666666666665,0.9444444444444444,1.0,1.2777777777777777,2.0,1.2,1.2,1.0,3.0,1.0,0.6666666666666666,0.6111111111111112,0.4444444444444444,1232.8407657507043,1022.6092887627588,0.8338471623857238,1.0840494766023259,0.9828197904766139
05/02/2023PortoVizela,Porto,Vizela,05/02/2023,1.52,2.52,13.51,1.2,18.0,2,9,2,3,0,1,2.388888888888889,1.2222222222222223,0.6111111111111112,1.0,2.4,2.2,0.4,1.0,3.6666666666666665,2.3333333333333335,2.3333333333333335,0.5,0.4444444444444444,1367.9913050573055,996.6514970197774,0.9269365014019437,1.227564770295224,1.0239233232547427
05/02/2023Gil VicenteArouca,Gil Vicente,Arouca,05/02/2023,2.08,1.75,3.21,2.25,18.0,15,7,1,0,2,3,1.0,1.2222222222222223,1.4444444444444444,1.5555555555555556,1.4,1.6,1.0,1.8,2.0,2.0,1.6666666666666667,0.5555555555555556,0.5,980.4102997176913,1014.4333627947946,0.5515907104588009,1.040145833667636,1.0256871806131262
06/02/2023PortimonensePacos Ferreira,Portimonense,Pacos Ferreira,06/02/2023,2.21,1.66,3.86,1.99,18.5,13,18,2,2,4,1,0.8333333333333334,0.631578947368421,1.3888888888888888,1.8421052631578947,0.6,1.0,2.2,1.2,1.8888888888888888,0.6666666666666666,1.0,0.4444444444444444,0.47368421052631576,935.9256421960644,882.122603634072,0.6709903287945858,0.9215814512020435,0.9260738544211609
06/02/2023Rio AveSp Lisbon,Rio Ave,Sp Lisbon,06/02/2023,1.74,2.07,1.47,6.62,18.0,11,4,1,5,3,0,1.0,2.111111111111111,1.2777777777777777,1.0555555555555556,0.4,2.4,1.0,0.8,2.6363636363636362,0.3333333333333333,3.0,0.3888888888888889,0.7777777777777778,987.2573750614326,1269.693160623943,0.2274302526964138,0.8181576029438553,1.2445795396349637
09/02/2023EstorilBoavista,Estoril,Boavista,09/02/2023,2.28,1.62,2.92,2.51,18.0,14,9,0,2,1,2,0.8888888888888888,1.2222222222222223,1.2777777777777777,1.6111111111111112,0.4,1.6,1.0,1.2,1.8333333333333333,0.0,2.3333333333333335,0.2222222222222222,0.5555555555555556,942.2567436330373,1016.28696239955,0.4942003090954454,0.8789237505962797,1.1479522187673654
10/02/2023VizelaChaves,Vizela,Chaves,10/02/2023,2.0,1.81,4.9,1.73,19.0,10,8,0,2,2,1,1.1578947368421053,1.0,1.0526315789473684,1.263157894736842,1.6,1.2,1.4,1.2,2.0,1.3333333333333333,1.3333333333333333,0.42105263157894735,0.3684210526315789,993.7289570758551,992.3773069281265,0.6012636530327706,1.0053119957644123,1.0501689049473277
11/02/2023AroucaSanta Clara,Arouca,Santa Clara,11/02/2023,2.27,1.63,3.51,2.14,19.0,7,16,1,2,1,2,1.2105263157894737,0.7368421052631579,1.5263157894736843,1.3157894736842106,1.6,0.6,1.0,2.2,2.6666666666666665,1.6666666666666667,1.0,0.47368421052631576,0.47368421052631576,1016.4969912131465,959.5669595353909,0.6749518428025203,1.012858967543231,0.9053429434087957
11/02/2023GuimaraesPortimonense,Guimaraes,Portimonense,11/02/2023,2.16,1.69,4.55,1.81,19.0,6,11,1,1,0,0,0.9473684210526315,0.8421052631578947,1.0526315789473684,1.3157894736842106,0.8,0.6,0.8,1.8,2.6363636363636362,1.0,1.0,0.42105263157894735,0.42105263157894735,1062.3199288038977,949.086029044281,0.7416915639528047,0.8979483473448795,0.8970989283172378
12/02/2023FamalicaoGil Vicente,Famalicao,Gil Vicente,12/02/2023,2.12,1.72,3.37,2.19,19.0,14,15,1,1,4,1,0.9473684210526315,1.0,1.4210526315789473,1.4210526315789473,1.0,1.4,1.8,1.2,2.7142857142857144,0.6666666666666666,1.6666666666666667,0.47368421052631576,0.5263157894736842,1015.9631752581877,978.3466712993393,0.650102637874501,1.0259255130801894,1.0271367870204153
12/02/2023Sp LisbonPorto,Sp Lisbon,Porto,12/02/2023,2.0,1.81,2.59,2.68,19.0,4,2,1,2,0,0,2.0526315789473686,2.3684210526315788,1.0,0.5789473684210527,2.0,1.8,0.8,0.2,2.3076923076923075,2.6666666666666665,1.6666666666666667,0.7368421052631579,0.47368421052631576,1278.7903707317996,1370.9138450012276,0.4682047229727979,1.2067957305866759,1.2052519569852056
12/02/2023MaritimoSp Braga,Maritimo,Sp Braga,12/02/2023,1.8,2.02,1.59,5.52,19.0,17,3,1,4,2,1,0.631578947368421,2.263157894736842,1.8421052631578947,1.0,0.6,2.2,1.4,1.4,2.4615384615384617,0.6666666666666666,2.0,0.47368421052631576,0.631578947368421,926.0917681763885,1239.4868792552754,0.19764242701989676,0.8828941117060041,1.1315950556390586
13/02/2023Rio AveEstoril,Rio Ave,Estoril,13/02/2023,2.35,1.59,3.35,2.26,19.0,14,12,0,2,1,1,0.9473684210526315,0.9473684210526315,1.263157894736842,1.263157894736842,0.2,0.8,1.0,0.8,2.6,0.3333333333333333,0.6666666666666666,0.3684210526315789,0.2631578947368421,978.1601649535761,962.4887312692196,0.6208516038706785,0.7933194068651199,0.8872445468477471
13/02/2023BoavistaCasa Pia,Boavista,Casa Pia,13/02/2023,2.45,1.55,3.2,2.38,19.0,10,6,1,0,2,3,1.2105263157894737,0.9473684210526315,1.631578947368421,1.0526315789473684,1.6,0.6,1.6,1.8,2.0,2.3333333333333335,1.0,0.5789473684210527,0.42105263157894735,996.0549747633678,1045.7158204877899,0.5292370048853379,1.15881991521123,0.9112388221718002
17/02/2023Gil VicenteVizela,Gil Vicente,Vizela,17/02/2023,1.87,1.94,2.83,2.45,20.0,13,10,1,0,0,0,1.0,1.1,1.35,1.0,1.6,1.4,1.0,1.0,3.0,1.0,1.0,0.5,0.4,1004.3507768143194,989.6784109545442,0.6194968872629137,0.9952745403518134,0.9550463959761917
18/02/2023EstorilPacos Ferreira,Estoril,Pacos Ferreira,18/02/2023,2.23,1.65,3.79,2.06,20.0,14,18,0,0,2,1,0.9,0.6,1.3,1.8,0.4,0.8,1.2,1.2,1.8571428571428572,0.6666666666666666,0.6666666666666666,0.25,0.45,947.3227954240467,868.9622167858554,0.7014122916266047,0.8933033726824955,0.9014719873758621
18/02/2023PortimonenseMaritimo,Portimonense,Maritimo,18/02/2023,2.09,1.74,3.17,2.28,20.0,13,17,0,1,1,2,0.8,0.65,1.3,1.85,0.6,0.6,1.8,1.8,2.6363636363636362,1.0,0.6666666666666666,0.4,0.5,938.7536916023931,918.1860710955926,0.6274631843936285,0.8745169779585962,0.891771907147907
18/02/2023PortoRio Ave,Porto,Rio Ave,18/02/2023,1.63,2.27,16.36,1.17,20.0,2,11,2,2,1,0,2.35,1.0,0.6,1.2,2.2,0.6,0.4,1.0,3.3636363636363638,2.0,1.0,0.5,0.35,1389.6420339201395,993.3261007987489,0.9360956537886581,1.1947077982050256,0.7987368356164137
19/02/2023Santa ClaraFamalicao,Santa Clara,Famalicao,19/02/2023,2.5,1.53,2.54,2.98,20.0,16,15,0,0,1,1,0.7,0.9,1.3,1.4,0.6,0.6,1.6,1.8,1.4285714285714286,1.0,0.6666666666666666,0.45,0.45,946.5650332474917,989.9590697432077,0.5382143894844749,0.879821881962918,0.9941008406758477
19/02/2023Sp BragaArouca,Sp Braga,Arouca,19/02/2023,1.62,2.3,7.08,1.41,20.0,3,7,2,1,1,0,2.25,1.2,1.0,1.45,1.8,1.4,1.6,1.0,3.8,2.0,0.6666666666666666,0.65,0.45,1247.3925763360712,1029.4989175010458,0.8398683841667534,1.1429736222121445,0.9843070954213236
19/02/2023Casa PiaGuimaraes,Casa Pia,Guimaraes,19/02/2023,2.46,1.54,3.0,2.49,20.0,6,5,0,1,0,0,0.9,0.95,1.0,1.0,0.6,1.0,1.8,0.8,1.0,0.6666666666666666,1.3333333333333333,0.4,0.4,1046.8853006832035,1072.6522662457855,0.563314742034307,0.8656768810632102,0.8753450152437003
20/02/2023ChavesSp Lisbon,Chaves,Sp Lisbon,20/02/2023,1.59,2.34,1.45,6.3,20.0,9,4,0,1,0,2,0.95,2.0,1.2,1.05,1.0,2.2,1.0,1.0,3.857142857142857,1.0,2.3333333333333335,0.35,0.75,996.4278530494373,1260.0621818128877,0.24700522525254817,0.9976604596999613,1.196238066087729
20/02/2023BenficaBoavista,Benfica,Boavista,20/02/2023,1.58,2.36,14.82,1.19,20.0,1,10,3,0,0,0,2.55,1.15,0.6,1.55,2.6,1.6,0.4,1.4,3.8461538461538463,2.6666666666666665,1.0,0.7,0.55,1332.5401387163288,994.8854945679543,0.9126674848218511,1.2503367603876512,1.1008789194506685
24/02/2023FamalicaoPortimonense,Famalicao,Portimonense,24/02/2023,2.19,1.68,4.48,1.85,21.0,13,10,3,2,1,1,1.0,0.8571428571428571,1.380952380952381,1.2857142857142858,1.0,1.0,1.2,2.0,1.4285714285714286,1.3333333333333333,1.0,0.47619047619047616,0.42857142857142855,1011.4876453225867,953.655164226648,0.6760905276795385,1.0353232938999781,0.8980729076400049
25/02/2023AroucaCasa Pia,Arouca,Casa Pia,25/02/2023,2.37,1.58,3.26,2.31,21.0,7,6,0,0,2,0,1.1428571428571428,0.8571428571428571,1.4761904761904763,0.9523809523809523,1.2,0.6,1.2,1.4,0.0,0.6666666666666666,0.0,0.42857142857142855,0.38095238095238093,1023.0936528677158,1044.3527110018313,0.5696872890409258,0.9700881738335384,0.8223930370100496
25/02/2023MaritimoSanta Clara,Maritimo,Santa Clara,25/02/2023,2.34,1.59,3.58,2.14,21.0,17,16,1,1,2,3,0.6666666666666666,0.7142857142857143,1.8571428571428572,1.380952380952381,0.8,0.8,1.6,2.2,2.6666666666666665,1.0,1.0,0.5238095238095238,0.47619047619047616,903.2845984713377,925.0364576681127,0.5689917306253867,0.915792614425275,0.916305521137919
25/02/2023VizelaBenfica,Vizela,Benfica,25/02/2023,1.62,2.27,1.36,8.22,21.0,9,1,1,3,1,1,1.0952380952380953,2.5714285714285716,1.0,0.6190476190476191,1.0,2.8,1.2,0.2,2.0,0.3333333333333333,3.0,0.38095238095238093,0.7142857142857143,994.4582864450608,1336.0334393234548,0.17317187484113966,0.9474839920028794,1.2604891311127866
26/02/2023Rio AveChaves,Rio Ave,Chaves,26/02/2023,2.25,1.64,3.43,2.18,21.0,13,10,0,2,1,3,0.9523809523809523,1.0,1.1904761904761905,1.2857142857142858,0.6,1.2,1.0,1.4,2.5714285714285716,0.6666666666666666,1.3333333333333333,0.3333333333333333,0.38095238095238093,990.7699269502953,986.5476440393354,0.6052186679515853,0.7755404889006197,1.0313728370244082
26/02/2023Pacos FerreiraBoavista,Pacos Ferreira,Boavista,26/02/2023,2.28,1.62,2.71,2.71,21.0,18,11,3,1,1,3,0.7142857142857143,1.1428571428571428,1.7619047619047619,1.619047619047619,1.2,1.6,1.4,1.8,1.8181818181818181,1.6666666666666667,0.6666666666666666,0.47619047619047616,0.5714285714285714,897.0187084509196,991.3921939608283,0.46498116288407465,0.9459536303205155,1.10981773599021
26/02/2023PortoGil Vicente,Porto,Gil Vicente,26/02/2023,1.42,2.85,12.32,1.2,21.0,2,14,1,1,0,1,2.2857142857142856,1.0,0.5714285714285714,1.3333333333333333,1.6,1.4,0.2,1.0,2.2857142857142856,1.6666666666666667,1.0,0.47619047619047616,0.47619047619047616,1392.1982077685932,999.5709013238028,0.934813633861041,1.1600119446078396,0.9873935953315459
27/02/2023Sp LisbonEstoril,Sp Lisbon,Estoril,27/02/2023,1.51,2.52,12.66,1.21,21.0,4,15,3,1,2,3,2.0476190476190474,0.9047619047619048,1.0952380952380953,1.380952380952381,2.4,0.6,1.0,1.6,2.7142857142857144,1.6666666666666667,1.0,0.7619047619047619,0.2857142857142857,1269.9423908229896,919.2663037589825,0.9184601168737481,1.2366606654417662,0.9373819488572092
27/02/2023GuimaraesSp Braga,Guimaraes,Sp Braga,27/02/2023,2.01,1.8,1.96,3.8,21.0,5,3,0,2,0,0,0.9047619047619048,2.238095238095238,0.9523809523809523,0.9523809523809523,0.8,2.0,0.4,1.6,2.3076923076923075,0.6666666666666666,2.6666666666666665,0.38095238095238093,0.6190476190476191,1075.1848559271577,1253.797840969401,0.3485936779688671,0.8315777644815153,1.1264626650253686
03/03/2023BoavistaArouca,Boavista,Arouca,03/03/2023,2.25,1.64,3.31,2.29,22.0,8,6,3,2,1,0,1.2272727272727273,1.1818181818181819,1.5909090909090908,1.4090909090909092,1.4,0.8,1.6,1.2,2.4,1.3333333333333333,1.0,0.5909090909090909,0.4090909090909091,1009.9914404761913,1040.3061613060788,0.5568646184710248,1.1388975907532575,0.9702223092441156
03/03/2023BenficaFamalicao,Benfica,Famalicao,03/03/2023,1.53,2.47,16.52,1.16,22.0,1,10,2,1,0,0,2.5454545454545454,1.0,0.5909090909090909,1.3181818181818181,2.6,1.2,0.2,1.2,2.857142857142857,2.6666666666666665,1.3333333333333333,0.6818181818181818,0.45454545454545453,1342.9603143171005,1024.444024215405,0.9034778906952722,1.239681746652945,1.005827036057594
04/03/2023EstorilVizela,Estoril,Vizela,04/03/2023,2.15,1.69,2.66,2.68,22.0,15,11,0,0,2,2,0.8636363636363636,1.0454545454545454,1.4090909090909092,1.0454545454545454,0.6,0.8,1.8,1.2,2.0,0.3333333333333333,0.3333333333333333,0.2727272727272727,0.36363636363636365,916.0047084339325,987.5314114514152,0.4978029118852696,0.9228580218542211,0.931843505143826
04/03/2023PortimonenseSp Lisbon,Portimonense,Sp Lisbon,04/03/2023,1.68,2.17,1.38,8.1,22.0,14,4,0,2,1,0,0.8181818181818182,2.0454545454545454,1.2727272727272727,1.0454545454545454,1.0,2.4,1.4,0.8,3.6363636363636362,0.6666666666666666,2.0,0.4090909090909091,0.7272727272727273,940.6987853338296,1273.2039861480398,0.180775622263075,0.8724868996741025,1.2174996721516351
04/03/2023ChavesPorto,Chaves,Porto,04/03/2023,1.66,2.19,1.28,11.01,22.0,13,2,0,1,1,2,0.9545454545454546,2.227272727272727,1.2727272727272727,0.6363636363636364,1.0,1.6,1.4,0.6,3.5714285714285716,0.6666666666666666,1.3333333333333333,0.36363636363636365,0.5,970.7563907573988,1354.8056624141516,0.14090266091461406,1.0055926617796846,1.1627773886842612
05/03/2023Gil VicenteMaritimo,Gil Vicente,Maritimo,05/03/2023,2.01,1.8,4.08,1.88,22.0,12,16,2,3,1,1,1.0454545454545454,0.7727272727272727,1.3181818181818181,1.8181818181818181,1.2,1.2,1.0,1.8,2.142857142857143,1.3333333333333333,1.6666666666666667,0.5,0.5454545454545454,1036.9634466782445,920.5249292463222,0.745209999260059,0.9897475208941222,0.9573101079704367
05/03/2023Santa ClaraGuimaraes,Santa Clara,Guimaraes,05/03/2023,2.5,1.52,2.5,3.05,22.0,17,5,1,2,3,1,0.7272727272727273,0.9545454545454546,1.4545454545454546,0.9545454545454546,1.0,1.2,2.2,0.4,1.8888888888888888,0.6666666666666666,1.0,0.5,0.4090909090909091,907.7961268931282,1101.2411088084032,0.32946485343204723,0.957846267328708,0.8432629584706292
05/03/2023Sp BragaRio Ave,Sp Braga,Rio Ave,05/03/2023,1.87,1.93,8.27,1.41,22.0,3,10,1,1,2,0,2.1818181818181817,0.9545454545454546,1.0,1.1363636363636365,1.8,0.8,1.8,1.0,2.6363636363636362,1.6666666666666667,1.0,0.6363636363636364,0.3181818181818182,1227.7415880881558,1006.5611802322319,0.8423965989808093,1.1422915331415364,0.7561550940215771
06/03/2023Casa PiaPacos Ferreira,Casa Pia,Pacos Ferreira,06/03/2023,2.35,1.57,3.87,2.04,22.0,7,18,0,1,2,3,0.8181818181818182,0.7272727272727273,1.0,1.8181818181818181,0.4,1.2,1.2,1.6,5.0,0.0,1.3333333333333333,0.36363636363636365,0.5,1027.1402025634684,878.4194619355566,0.7788638693213896,0.8225067504132748,0.9707398571848345
10/03/2023PortoEstoril,Porto,Estoril,10/03/2023,1.57,2.37,15.59,1.18,23.0,2,15,3,0,1,3,2.260869565217391,0.8260869565217391,0.6521739130434783,1.4782608695652173,1.8,0.6,0.8,2.2,3.0,1.6666666666666667,0.3333333333333333,0.5217391304347826,0.30434782608695654,1360.4417688507363,896.0925919585217,0.9558902021083204,1.184193594620643,0.9411036148260141
11/03/2023ChavesPortimonense,Chaves,Portimonense,11/03/2023,2.21,1.65,3.18,2.3,23.0,13,14,1,0,3,1,0.9565217391304348,0.782608695652174,1.3478260869565217,1.2608695652173914,1.0,0.6,1.6,0.8,1.6,1.0,0.6666666666666666,0.391304347826087,0.391304347826087,965.1202843208142,933.4677604433066,0.6422536182865883,1.0241138161660432,0.8452896638366815
11/03/2023Pacos FerreiraSanta Clara,Pacos Ferreira,Santa Clara,11/03/2023,2.31,1.6,3.02,2.44,23.0,18,17,1,1,2,3,0.7391304347826086,0.7391304347826086,1.826086956521739,1.5217391304347827,1.4,1.0,1.6,2.4,2.4285714285714284,1.6666666666666667,1.0,0.5217391304347826,0.5217391304347826,869.5740167084122,894.6175327558464,0.564338903544181,0.9951505938972376,1.0048235307608204
11/03/2023GuimaraesArouca,Guimaraes,Arouca,11/03/2023,2.29,1.61,3.82,2.07,23.0,5,7,3,0,1,0,1.0434782608695652,1.1304347826086956,0.9565217391304348,1.3478260869565217,1.4,0.8,0.4,0.6,2.8,1.6666666666666667,0.6666666666666666,0.43478260869565216,0.391304347826087,1114.419702945685,1042.5807460449198,0.6934908992720198,0.8846205202149531,0.9217111937819098
11/03/2023VizelaSp Braga,Vizela,Sp Braga,11/03/2023,1.94,1.86,1.96,3.8,23.0,9,3,3,2,0,0,1.1304347826086956,2.1739130434782608,1.0,0.9565217391304348,0.8,2.2,1.0,0.8,2.6666666666666665,1.3333333333333333,1.6666666666666667,0.391304347826087,0.6086956521739131,1007.443527926826,1234.0457241289234,0.288747539086533,0.9502667478373255,1.138076157080017
12/03/2023Rio AveGil Vicente,Rio Ave,Gil Vicente,12/03/2023,2.17,1.68,2.99,2.44,23.0,12,10,0,2,2,0,0.9130434782608695,1.0869565217391304,1.173913043478261,1.2608695652173914,0.6,1.4,0.8,0.6,2.0,0.3333333333333333,1.6666666666666667,0.30434782608695654,0.4782608695652174,1000.2570441914643,1047.155046707842,0.5331975358288026,0.7533646696949883,0.98204388834796
12/03/2023MaritimoBenfica,Maritimo,Benfica,12/03/2023,1.67,2.18,1.25,11.65,23.0,16,1,0,2,2,0,0.7391304347826086,2.5217391304347827,1.826086956521739,0.5652173913043478,1.2,2.6,1.8,0.2,3.3846153846153846,1.3333333333333333,2.3333333333333335,0.5217391304347826,0.6521739130434783,910.3333292167246,1346.8211986892895,0.10816013210130017,0.949858949822681,1.2174659281836826
12/03/2023Sp LisbonBoavista,Sp Lisbon,Boavista,12/03/2023,1.64,2.23,12.06,1.24,23.0,4,8,1,0,0,0,2.0,1.173913043478261,1.0,1.5217391304347827,1.6,1.0,0.8,1.2,2.3846153846153846,2.0,1.3333333333333333,0.6956521739130435,0.5652173913043478,1280.4350110385628,1007.7168557373503,0.8779162898195053,1.1795476688288813,1.0819527112155944
13/03/2023FamalicaoCasa Pia,Famalicao,Casa Pia,13/03/2023,2.43,1.55,3.6,2.13,23.0,13,7,0,2,2,1,0.9565217391304348,0.8695652173913043,1.3478260869565217,1.0,1.0,0.4,1.6,1.2,1.0,1.3333333333333333,0.6666666666666666,0.43478260869565216,0.391304347826087,1020.5831398432159,1035.9856477906128,0.5779316712090756,0.987802030119689,0.8431899391995469
17/03/2023Santa ClaraRio Ave,Santa Clara,Rio Ave,17/03/2023,2.69,1.45,3.02,2.62,24.0,17,8,0,2,1,1,0.7083333333333334,0.9583333333333334,1.5,1.1666666666666667,0.6,1.0,2.2,0.8,2.4285714285714284,0.6666666666666666,1.0,0.5,0.3333333333333333,877.1910888976136,1018.9291427583122,0.398203196522851,0.9746798149715846,0.7767935019441693
18/03/2023PortimonenseVizela,Portimonense,Vizela,18/03/2023,2.19,1.67,2.54,2.87,24.0,14,11,0,0,2,4,0.75,1.0833333333333333,1.2916666666666667,1.125,0.4,0.8,1.2,1.4,1.0,0.0,1.0,0.375,0.4166666666666667,919.1579051747701,995.8936263633648,0.49030773226367375,0.8420833393851984,0.9730474760071676
18/03/2023AroucaPacos Ferreira,Arouca,Pacos Ferreira,18/03/2023,2.18,1.68,3.61,2.11,24.0,6,18,2,1,0,0,1.1666666666666667,0.75,1.2916666666666667,1.75,1.0,1.2,0.4,1.4,1.2,1.3333333333333333,1.0,0.375,0.5,1070.3203820158005,887.000460566645,0.811261301372296,0.9208427628909123,0.9652970566823852
18/03/2023BenficaGuimaraes,Benfica,Guimaraes,18/03/2023,1.57,2.36,16.84,1.17,24.0,1,5,3,0,0,2,2.5416666666666665,1.0,0.5416666666666666,1.0,2.6,1.2,0.2,0.8,2.5384615384615383,2.3333333333333335,1.6666666666666667,0.6666666666666666,0.4166666666666667,1351.1476039733416,1086.6800669748043,0.8727338315367911,1.2197599052009378,0.8837870359394581
18/03/2023EstorilChaves,Estoril,Chaves,18/03/2023,2.15,1.7,3.49,2.16,24.0,15,13,2,2,3,0,0.875,1.0,1.5416666666666667,1.2916666666666667,0.6,1.0,2.6,1.4,2.0,0.6666666666666666,1.0,0.3333333333333333,0.375,894.3282000428545,979.4301395893507,0.4782802391137,0.9784940859226082,1.0202291819272065
19/03/2023Casa PiaMaritimo,Casa Pia,Maritimo,19/03/2023,2.34,1.59,3.77,2.07,24.0,7,17,0,0,1,3,0.8333333333333334,0.7083333333333334,1.0,1.875,0.4,1.0,0.8,2.0,3.0,0.6666666666666666,1.0,0.375,0.5416666666666666,1019.1029146389758,906.0069239326725,0.7415394413604468,0.8212774141936328,0.9516486956792886
19/03/2023Sp BragaPorto,Sp Braga,Porto,19/03/2023,1.89,1.9,2.26,3.12,24.0,3,2,4,3,0,2,2.25,2.2916666666666665,0.9166666666666666,0.7083333333333334,2.2,2.0,0.6,1.2,2.6923076923076925,2.3333333333333335,2.3333333333333335,0.625,0.5416666666666666,1245.5956256923848,1362.2061607664034,0.43332159053574854,1.1653592369415642,1.2312421402588625
19/03/2023BoavistaFamalicao,Boavista,Famalicao,19/03/2023,2.36,1.58,3.13,2.4,24.0,12,11,0,1,3,0,1.125,0.9583333333333334,1.5833333333333333,1.2916666666666667,0.8,1.0,1.4,0.8,3.7142857142857144,1.0,0.6666666666666666,0.5833333333333334,0.4166666666666667,1002.8335073301305,1037.4658729948528,0.5507230328061777,1.07872203218873,0.9621313767121796
31/03/2023EstorilGil Vicente,Estoril,Gil Vicente,31/03/2023,2.02,1.79,2.58,2.72,24.5,15,13,0,1,2,2,0.84,1.0833333333333333,1.56,1.2916666666666667,0.6,1.4,2.6,0.8,1.6666666666666667,0.6666666666666666,1.6666666666666667,0.32,0.5,875.1969904783065,1028.4829481409943,0.3823861383452937,0.9687762585797915,1.012584398736844
01/04/2023VizelaCasa Pia,Vizela,Casa Pia,01/04/2023,2.34,1.58,3.5,2.21,25.0,10,6,1,2,0,0,1.08,0.88,1.08,0.96,1.0,0.8,1.4,0.8,1.0,1.3333333333333333,1.3333333333333333,0.4,0.36,1015.5059356539117,1029.441336984558,0.5799903486808473,0.9481457205418089,0.8222458608523345
01/04/2023GuimaraesPacos Ferreira,Guimaraes,Pacos Ferreira,01/04/2023,2.12,1.71,3.88,1.97,25.0,5,16,1,1,5,1,1.0,0.76,1.16,1.72,1.2,1.4,1.8,1.4,2.8181818181818183,1.3333333333333333,1.0,0.44,0.48,1081.5894202362758,899.4509126215368,0.8102177878442616,0.937977700970659,0.9604706730549122
01/04/2023Sp LisbonSanta Clara,Sp Lisbon,Santa Clara,01/04/2023,1.52,2.49,19.58,1.14,24.5,4,18,3,0,0,2,2.0416666666666665,0.68,0.9583333333333334,1.52,2.0,0.6,0.8,2.4,3.0,2.0,0.3333333333333333,0.7083333333333334,0.48,1285.3183594457826,861.2629610366995,0.9450083022322509,1.1760255741242145,0.9774395608465577
02/04/2023ChavesSp Braga,Chaves,Sp Braga,02/04/2023,1.88,1.91,1.69,4.91,25.0,11,3,2,0,0,0,1.04,2.16,1.24,0.88,1.4,1.8,1.4,0.4,1.7142857142857142,1.6666666666666667,2.0,0.36,0.6,998.5613491538987,1248.262762070955,0.2622233555262566,1.0100968661751664,1.107091275094486
02/04/2023MaritimoBoavista,Maritimo,Boavista,02/04/2023,2.34,1.58,2.96,2.51,25.0,17,12,0,1,2,2,0.68,1.12,1.88,1.6,0.8,1.0,2.0,1.8,1.6923076923076923,0.0,0.3333333333333333,0.52,0.6,895.6685015870904,980.8045860178834,0.4782311936085911,0.952770875570834,1.0871474764682068
02/04/2023Rio AveBenfica,Rio Ave,Benfica,02/04/2023,1.65,2.22,1.34,8.82,25.0,9,1,2,5,0,1,1.0,2.64,1.12,0.56,1.0,3.0,0.8,0.4,3.4545454545454546,1.3333333333333333,3.3333333333333335,0.32,0.68,1034.8572706192263,1356.23825071187,0.19045363883881508,0.7789929449097126,1.2945512268126766
02/04/2023PortoPortimonense,Porto,Portimonense,02/04/2023,1.52,2.49,17.57,1.15,25.0,2,14,0,0,0,1,2.2,0.72,0.68,1.28,1.6,0.4,1.0,1.2,4.181818181818182,2.0,0.0,0.52,0.36,1359.5390243878333,899.5455958842232,0.9548208234965002,1.1696800332459194,0.8205331541004381
03/04/2023FamalicaoArouca,Famalicao,Arouca,03/04/2023,2.36,1.57,4.03,1.98,25.0,10,6,2,1,1,1,1.0,1.16,1.28,1.28,1.4,1.0,0.8,0.6,2.6666666666666665,1.0,1.0,0.44,0.36,1059.4947943071,1057.8699299609086,0.601640652284912,0.9696461803985166,0.9162386460508917
05/04/2023Gil VicenteSp Lisbon,Gil Vicente,Sp Lisbon,05/04/2023,1.73,2.1,1.46,6.85,25.0,13,4,0,3,1,0,1.04,2.08,1.28,0.92,1.2,2.4,1.0,0.4,3.7142857142857144,1.0,2.3333333333333335,0.48,0.72,1003.778393674806,1287.5180273564924,0.2261141825642945,0.9825997805053734,1.1786091650339154
07/04/2023Santa ClaraVizela,Santa Clara,Vizela,07/04/2023,2.22,1.65,2.06,3.75,26.0,18,8,0,3,3,1,0.6538461538461539,1.1538461538461537,1.5769230769230769,1.0769230769230769,0.4,1.4,2.4,1.4,2.3333333333333335,0.0,1.3333333333333333,0.5,0.4230769230769231,859.0632931259895,1032.3063217066779,0.3556454875950359,0.9795868814658953,0.9980329346257589
07/04/2023BenficaPorto,Benfica,Porto,07/04/2023,2.01,1.8,4.01,1.92,26.0,1,2,1,1,0,0,2.576923076923077,2.1538461538461537,0.5384615384615384,0.6538461538461539,2.6,1.6,0.2,1.0,2.0,3.0,1.3333333333333333,0.6538461538461539,0.5,1363.8563962654225,1361.3461914479733,0.6028614743021207,1.2554978389426612,1.1355704275480696
07/04/2023BoavistaGuimaraes,Boavista,Guimaraes,07/04/2023,2.39,1.57,2.91,2.59,26.0,13,6,2,0,4,0,1.1538461538461537,0.9615384615384616,1.6923076923076923,1.1153846153846154,1.2,1.2,2.0,1.8,2.1538461538461537,1.0,0.3333333333333333,0.6153846153846154,0.4230769230769231,959.933833762227,1069.1807087225054,0.44375822449393776,1.158738536918781,0.891078815922126
08/04/2023AroucaMaritimo,Arouca,Maritimo,08/04/2023,2.2,1.66,3.24,2.28,26.0,5,16,1,4,0,2,1.1538461538461537,0.8076923076923077,1.2307692307692308,1.8846153846153846,1.2,1.4,0.2,2.0,2.8,1.3333333333333333,1.3333333333333333,0.34615384615384615,0.5384615384615384,1081.9355560523052,916.5392538427468,0.7949540218259282,0.891052794069501,1.0155129403090333
08/04/2023Pacos FerreiraFamalicao,Pacos Ferreira,Famalicao,08/04/2023,2.27,1.62,2.98,2.48,26.0,17,10,0,0,0,1,0.7307692307692307,0.9615384615384616,1.6538461538461537,1.2692307692307692,0.8,0.8,1.2,0.8,2.5714285714285716,0.6666666666666666,1.0,0.46153846153846156,0.4230769230769231,911.8596241353072,1035.4291682157034,0.4235123884765103,0.9124471394021665,0.9429922455540335
08/04/2023PortimonenseRio Ave,Portimonense,Rio Ave,08/04/2023,2.53,1.51,2.9,2.63,26.0,14,9,0,0,1,1,0.6923076923076923,0.9615384615384616,1.2692307692307692,1.1153846153846154,0.0,1.0,1.2,0.8,2.2222222222222223,0.0,1.3333333333333333,0.34615384615384615,0.3076923076923077,897.7384288240831,1027.2391250656738,0.4151990375328629,0.796605189569223,0.7554926669790606
08/04/2023Sp BragaEstoril,Sp Braga,Estoril,08/04/2023,1.61,2.29,9.28,1.31,26.0,3,15,2,1,1,0,2.1538461538461537,0.8461538461538461,0.8846153846153846,1.5,1.8,0.6,0.6,2.0,3.142857142857143,2.0,1.0,0.6153846153846154,0.3076923076923077,1258.7516962920051,899.9015449444947,0.9219153500450294,1.1111369550284644,0.9400888856541726
09/04/2023Casa PiaSp Lisbon,Casa Pia,Sp Lisbon,09/04/2023,1.89,1.9,1.42,7.9,26.0,8,4,1,0,3,0,0.8846153846153846,2.0,1.0384615384615385,0.8846153846153846,1.0,1.8,1.4,0.0,4.0,1.0,2.0,0.38461538461538464,0.6923076923076923,1012.6409509317917,1276.5625946590642,0.24669773577264142,0.8655087838411573,1.1196787067822196
10/04/2023Gil VicenteChaves,Gil Vicente,Chaves,10/04/2023,2.1,1.71,3.78,2.02,26.0,13,12,0,1,0,2,1.0,1.0384615384615385,1.2307692307692308,1.2692307692307692,1.0,1.2,0.8,1.2,4.0,0.3333333333333333,1.6666666666666667,0.46153846153846156,0.38461538461538464,1014.7338263722343,988.0724149328485,0.6356256028518126,0.9334697914801048,1.0137880962614216
14/04/2023FamalicaoGuimaraes,Famalicao,Guimaraes,14/04/2023,2.35,1.59,3.57,2.22,27.0,9,6,3,1,1,2,1.037037037037037,0.9629629629629629,1.2592592592592593,1.1481481481481481,1.2,1.0,1.0,2.0,3.4285714285714284,1.6666666666666667,0.6666666666666666,0.4444444444444444,0.4444444444444444,1052.369663754764,1046.931037702263,0.6068903709494616,0.9835189451911412,0.8983053226457396
15/04/2023EstorilPortimonense,Estoril,Portimonense,15/04/2023,2.31,1.6,3.31,2.31,27.0,15,14,1,2,4,2,0.8518518518518519,0.7407407407407407,1.5925925925925926,1.2962962962962963,0.8,0.4,2.4,1.4,1.4,0.6666666666666666,0.6666666666666666,0.3333333333333333,0.37037037037037035,896.7781589462959,901.1304673227686,0.5933661445250374,0.9830823480628477,0.8626660968705676
15/04/2023MaritimoPacos Ferreira,Maritimo,Pacos Ferreira,15/04/2023,2.21,1.65,3.37,2.22,27.0,16,17,0,1,1,3,0.7777777777777778,0.7407407407407407,1.8518518518518519,1.7037037037037037,0.8,0.8,2.0,1.2,1.7272727272727273,1.3333333333333333,0.6666666666666666,0.5185185185185185,0.48148148148148145,908.3374147157839,894.9191285962468,0.6177937442696212,0.9871826524609757,0.9516611110203147
15/04/2023ChavesBenfica,Chaves,Benfica,15/04/2023,1.52,2.5,1.3,9.36,27.0,11,1,0,1,0,2,1.0,2.5185185185185186,1.2222222222222223,0.5925925925925926,1.2,2.4,1.0,0.6,3.2857142857142856,1.0,2.3333333333333335,0.37037037037037035,0.6666666666666666,993.4974390469209,1339.7419372933377,0.16935700387253577,0.9630986914483505,1.245559828394027
15/04/2023PortoSanta Clara,Porto,Santa Clara,15/04/2023,1.43,2.78,23.69,1.11,27.0,2,18,2,0,1,1,2.1481481481481484,0.6296296296296297,0.6666666666666666,1.5555555555555556,1.8,0.2,0.8,2.0,2.2222222222222223,1.0,0.0,0.5185185185185185,0.48148148148148145,1385.460650420058,844.8374736221881,0.971112393816657,1.1265817136390166,0.9506469562395342
16/04/2023Rio AveCasa Pia,Rio Ave,Casa Pia,16/04/2023,2.69,1.45,3.34,2.36,27.0,11,9,2,3,2,4,1.0,0.9629629629629629,1.1481481481481481,1.1481481481481481,1.2,1.6,1.2,1.8,1.0,1.3333333333333333,2.0,0.3333333333333333,0.4074074074074074,1023.8470865669883,1002.773041500886,0.6281443712344926,0.8181441933482752,0.9472692135568309
16/04/2023Sp BragaGil Vicente,Sp Braga,Gil Vicente,16/04/2023,1.54,2.43,7.93,1.36,27.0,3,13,4,0,1,0,2.2222222222222223,0.9629629629629629,0.8888888888888888,1.1851851851851851,2.4,0.6,0.4,0.6,1.7142857142857142,2.0,0.0,0.6296296296296297,0.4444444444444444,1261.8750822902039,1009.3088022581618,0.864928288901154,1.1619530274615126,0.8867963019060995
16/04/2023Sp LisbonArouca,Sp Lisbon,Arouca,16/04/2023,1.47,2.61,14.81,1.19,27.0,4,5,4,1,3,0,2.074074074074074,1.1481481481481481,0.9629629629629629,1.1851851851851851,2.2,1.0,0.6,0.2,2.4,2.3333333333333335,1.0,0.7037037037037037,0.3333333333333333,1286.4305040899699,1090.137395179268,0.8224311510899582,1.225449340101182,0.8661946350625631
17/04/2023VizelaBoavista,Vizela,Boavista,17/04/2023,2.05,1.75,4.09,1.88,27.0,9,12,1,2,0,1,1.1481481481481481,1.1851851851851851,1.037037037037037,1.6666666666666667,1.6,1.0,1.0,2.0,3.3333333333333335,1.6666666666666667,1.6666666666666667,0.4074074074074074,0.6296296296296297,1046.5321412104793,982.1835047824695,0.6842500717438963,0.9685480578394412,1.1681357211838883
