GameIndex,HomeTeam,AwayTeam,Date,AvgO25,AvgU25,AvgA,AvgH,Played,HtPos,AtPos,HtSGLG,AtSGLG,HtCGLG,AtCGLG,HtASGPG,AtASGPG,HtACGPG,AtACGPG,HtASGP5G,AtASGP5G,HtACGP5G,AtACGP5G,AGTM,HtASGP3G,AtASGP3G,HtpercentGO,AtpercentGO,elo_ht,elo_at,win_e_ht,tilt_ht,tilt_at,OvUn25
20/08/2022TorinoLazio,Torino,Lazio,20/08/2022,1.87,1.95,2.38,2.99,1.0,10,7,2,2,1,1,2.0,2.0,1.0,1.0,2.0,2.0,1.0,1.0,3.0833333333333335,2.0,2.0,1.0,1.0,1087.4942492838782,1170.4035608907318,0.4814305518792751,0.9124210502875597,1.3367090362552416,0
20/08/2022UdineseSalernitana,Udinese,Salernitana,20/08/2022,1.78,2.06,4.63,1.75,1.0,18,16,2,0,4,1,2.0,0.0,4.0,1.0,2.0,0.0,4.0,1.0,2.5,2.0,0.0,1.0,0.0,1047.8508405084367,960.998282944288,0.7115483526236106,1.2762217702226037,1.009985303263805,0
20/08/2022InterSpezia,Inter,Spezia,20/08/2022,1.33,3.34,15.8,1.17,1.0,6,9,2,1,1,0,2.0,1.0,1.0,0.0,2.0,1.0,1.0,0.0,2.75,2.0,1.0,1.0,0.0,1314.390264240498,970.8685859514376,0.9153221582602652,1.1485849634353311,1.0641396372477419,1
20/08/2022SassuoloLecce,Sassuolo,Lecce,20/08/2022,1.63,2.29,4.24,1.79,1.0,19,14,0,1,3,2,0.0,1.0,3.0,2.0,0.0,1.0,3.0,2.0,5.0,0.0,1.0,1.0,1.0,1064.9876852518346,914.7991705806318,0.7803156851192818,1.2951683947187616,1.3226174064914002,0
21/08/2022EmpoliFiorentina,Empoli,Fiorentina,21/08/2022,1.66,2.23,1.94,3.73,1.0,16,8,0,3,1,2,0.0,3.0,1.0,2.0,0.0,3.0,1.0,2.0,2.6666666666666665,0.0,3.0,0.0,1.0,970.8684578794987,1118.337084895631,0.39032524713760613,1.1090069156518747,1.0946134502498912,0
21/08/2022NapoliMonza,Napoli,Monza,21/08/2022,1.52,2.55,8.49,1.35,1.0,5,17,5,1,2,2,5.0,1.0,2.0,2.0,5.0,1.0,2.0,2.0,0.0,5.0,1.0,1.0,1.0,1258.574651602143,979.8469501223615,0.881575812828559,1.187244339143671,1.0168683627425334,1
21/08/2022AtalantaMilan,Atalanta,Milan,21/08/2022,1.74,2.11,2.5,2.79,1.0,6,7,2,4,0,2,2.0,4.0,0.0,2.0,2.0,4.0,0.0,2.0,2.75,2.0,4.0,0.0,1.0,1100.0837603152722,1317.0538652217383,0.30026675274332115,1.1544509115360857,0.9461369624080571,0
21/08/2022BolognaVerona,Bologna,Verona,21/08/2022,1.82,2.01,3.3,2.2,1.0,14,20,1,2,2,5,1.0,2.0,2.0,5.0,1.0,2.0,2.0,5.0,2.5,1.0,2.0,1.0,1.0,1012.9048024145945,1058.9413606327626,0.5344315830922184,0.9443237480409756,1.1983237138655687,0
22/08/2022RomaCremonese,Roma,Cremonese,22/08/2022,1.63,2.29,13.06,1.24,1.0,9,17,1,2,0,3,1.0,2.0,0.0,3.0,1.0,2.0,0.0,3.0,0.0,1.0,2.0,0.0,1.0,1161.301448802302,989.4244208644617,0.8009681142674056,0.9405911916885022,1.045514493571479,0
22/08/2022SampdoriaJuventus,Sampdoria,Juventus,22/08/2022,1.85,1.96,1.61,5.74,1.0,19,8,0,3,2,0,0.0,3.0,2.0,0.0,0.0,3.0,2.0,0.0,3.1666666666666665,0.0,3.0,0.0,1.0,948.8779821832591,1199.6511118433637,0.26103158125702064,1.0082321266224399,0.9820053189240892,0
26/08/2022MonzaUdinese,Monza,Udinese,26/08/2022,1.86,1.97,2.3,3.15,2.0,20,16,0,0,4,0,0.5,1.0,3.0,2.0,0.5,1.0,3.0,2.0,0.0,0.5,1.0,1.0,0.5,975.1099826355038,1039.3889064034922,0.5082325464629669,1.0334078727545541,1.2124106817114735,1
26/08/2022LazioInter,Lazio,Inter,26/08/2022,1.67,2.21,1.88,4.08,2.0,8,2,0,3,0,0,1.0,2.5,0.5,0.5,1.0,2.5,0.5,0.5,2.75,1.0,2.5,0.5,1.0,1169.6607829659029,1317.7773779100874,0.3894379768654204,1.2698735844424796,1.1475392930383592,1
27/08/2022CremoneseTorino,Cremonese,Torino,27/08/2022,1.98,1.85,2.29,3.23,2.0,18,9,0,0,1,0,1.0,1.0,2.0,0.5,1.0,1.0,2.0,0.5,0.0,1.0,1.0,0.5,0.5,981.4631454351579,1088.237027208707,0.447274874505444,1.01450199161573,0.8667999977731817,1
27/08/2022JuventusRoma,Juventus,Roma,27/08/2022,2.06,1.78,3.21,2.38,2.0,5,4,0,1,0,0,1.5,1.0,0.0,0.0,1.5,1.0,0.0,0.0,2.5,1.5,1.0,0.5,0.0,1190.0923750936445,1169.2627242316057,0.6278157022964831,0.9329050529778846,0.912690969978371,0
27/08/2022MilanBologna,Milan,Bologna,27/08/2022,1.61,2.34,8.74,1.35,2.0,7,13,1,1,1,1,2.5,1.0,1.5,1.5,2.5,1.0,1.5,1.5,2.9166666666666665,2.5,1.0,0.5,0.5,1309.0645353314712,1011.5275390909059,0.8924210469211015,0.9334786208636306,0.9304875226117792,0
27/08/2022SpeziaSassuolo,Spezia,Sassuolo,27/08/2022,1.62,2.32,2.29,3.02,2.0,12,11,0,1,3,0,0.5,0.5,1.5,1.5,0.5,0.5,1.5,1.5,4.25,0.5,0.5,0.5,0.5,967.4814722818481,1073.7750578470634,0.44795848953474143,1.0631708457762028,1.2455315058970848,1
28/08/2022SalernitanaSampdoria,Salernitana,Sampdoria,28/08/2022,1.99,1.84,3.04,2.47,2.0,14,15,0,0,0,0,0.0,0.0,0.5,1.0,0.0,0.0,0.5,1.0,2.5,0.0,0.0,0.0,0.0,969.4602170492325,958.4367189329782,0.6145334036062188,0.9594860381006148,0.9578205202913178,1
28/08/2022VeronaAtalanta,Verona,Atalanta,28/08/2022,1.65,2.25,1.8,4.3,2.0,17,8,1,1,1,1,1.5,1.5,3.0,0.5,1.5,1.5,3.0,0.5,3.125,1.5,1.5,0.5,0.0,1060.3186239564513,1108.0730902055393,0.5319702205083989,1.1807658825851504,1.1390055431432213,0
28/08/2022FiorentinaNapoli,Fiorentina,Napoli,28/08/2022,1.69,2.19,2.14,3.3,2.0,9,5,0,4,0,0,1.5,4.5,1.0,1.0,1.5,4.5,1.0,1.0,3.3333333333333335,1.5,4.5,0.5,1.0,1113.9500947811352,1263.3116190890005,0.3877353374990939,1.0398827777373967,1.2065550388895272,0
28/08/2022LecceEmpoli,Lecce,Empoli,28/08/2022,1.79,2.05,2.97,2.39,2.0,18,13,0,0,1,0,0.5,0.0,1.5,0.5,0.5,0.0,1.5,0.5,0.0,0.5,0.0,0.5,0.0,906.0117979854031,975.2554479939945,0.5010884734150992,1.2719285436166359,1.0535565698692808,0
30/08/2022SassuoloMilan,Sassuolo,Milan,30/08/2022,1.53,2.5,1.6,5.45,3.0,12,2,2,2,2,0,1.0,2.3333333333333335,1.6666666666666667,1.0,1.0,2.3333333333333335,1.6666666666666667,1.0,2.8333333333333335,1.0,2.3333333333333335,0.6666666666666666,0.3333333333333333,1071.693397428453,1313.3676934546272,0.2712605056030808,1.2585015387253056,0.9297929073171483,0
30/08/2022InterCremonese,Inter,Cremonese,30/08/2022,1.29,3.56,18.79,1.14,3.0,7,19,1,1,3,2,2.0,1.0,1.3333333333333333,2.0,2.0,1.0,1.3333333333333333,2.0,0.0,2.0,1.0,1.0,0.6666666666666666,1293.3548969847043,963.5721504549401,0.9089874998760857,1.1531607252190856,1.0329970121943122,1
30/08/2022RomaMonza,Roma,Monza,30/08/2022,1.52,2.54,10.0,1.3,3.0,5,20,1,1,1,2,1.0,0.6666666666666666,0.3333333333333333,2.6666666666666665,1.0,0.6666666666666666,0.3333333333333333,2.6666666666666665,0.0,1.0,0.6666666666666666,0.0,1.0,1174.375352323465,954.7806807769852,0.841180902007916,0.90993323929957,1.031225660724813,1
31/08/2022EmpoliVerona,Empoli,Verona,31/08/2022,1.83,2.01,2.66,2.69,3.0,14,17,1,0,1,1,0.3333333333333333,1.0,0.6666666666666666,2.3333333333333335,0.3333333333333333,1.0,0.6666666666666666,2.3333333333333335,2.5,0.3333333333333333,1.0,0.0,0.3333333333333333,975.2989869305985,1039.0398151361153,0.5090066979313408,1.0323270489090866,1.1392867655120533,0
31/08/2022SampdoriaLazio,Sampdoria,Lazio,31/08/2022,1.87,1.95,1.89,4.11,3.0,18,6,0,3,4,1,0.0,1.6666666666666667,2.0,0.6666666666666666,0.0,1.6666666666666667,2.0,0.6666666666666666,3.8333333333333335,0.0,1.6666666666666667,0.3333333333333333,0.6666666666666666,943.018055077227,1194.0832638912862,0.26070739049857733,0.9933074662567996,1.2760942936385355,0
31/08/2022UdineseFiorentina,Udinese,Fiorentina,31/08/2022,1.79,2.04,2.58,2.71,3.0,12,9,2,0,1,0,1.3333333333333333,1.0,1.6666666666666667,0.6666666666666666,1.3333333333333333,1.0,1.6666666666666667,0.6666666666666666,2.25,1.3333333333333333,1.0,0.6666666666666666,0.3333333333333333,1059.7182082620109,1118.4406812811715,0.5162239684429257,1.2098504755776016,0.9878886388505268,0
31/08/2022JuventusSpezia,Juventus,Spezia,31/08/2022,1.66,2.23,11.84,1.27,3.0,8,13,1,2,1,2,1.3333333333333333,1.0,0.3333333333333333,1.6666666666666667,1.3333333333333333,1.0,0.3333333333333333,1.6666666666666667,3.5,1.3333333333333333,1.0,0.3333333333333333,0.6666666666666666,1184.9797470017852,969.5631327004585,0.8379413907714856,0.9300862446740548,1.0742419111859796,0
31/08/2022NapoliLecce,Napoli,Lecce,31/08/2022,1.45,2.74,10.99,1.26,3.0,4,15,0,1,0,1,3.0,0.6666666666666666,0.6666666666666666,1.3333333333333333,3.0,0.6666666666666666,0.6666666666666666,1.3333333333333333,5.0,3.0,0.6666666666666666,0.6666666666666666,0.3333333333333333,1258.8210325889643,905.968259048799,0.9193935970913925,1.1462272869450507,1.246298753580844,0
01/09/2022AtalantaTorino,Atalanta,Torino,01/09/2022,1.7,2.17,4.95,1.71,3.0,7,8,1,2,0,1,1.3333333333333333,1.3333333333333333,0.3333333333333333,0.6666666666666666,1.3333333333333333,1.3333333333333333,0.3333333333333333,0.6666666666666666,3.9166666666666665,1.3333333333333333,1.3333333333333333,0.0,0.6666666666666666,1129.3518990258754,1106.128022188925,0.6310303976101752,1.098993424765015,0.8826023164761717,1
01/09/2022BolognaSalernitana,Bologna,Salernitana,01/09/2022,1.79,2.04,4.26,1.88,3.0,18,12,0,4,2,0,0.6666666666666666,1.3333333333333333,1.6666666666666667,0.3333333333333333,0.6666666666666666,1.3333333333333333,1.6666666666666667,0.3333333333333333,3.5,0.6666666666666666,1.3333333333333333,0.3333333333333333,0.3333333333333333,1007.2243809677499,984.8788809049837,0.6298523460079762,0.926813619010484,0.9950346909717755,0
03/09/2022FiorentinaJuventus,Fiorentina,Juventus,03/09/2022,2.11,1.74,2.46,3.06,4.0,11,5,0,2,1,0,0.75,1.5,0.75,0.25,0.75,1.5,0.75,0.25,2.1666666666666665,0.0,1.0,0.25,0.25,1099.0896400188885,1191.4620913709257,0.46784788137707173,0.9550251753241196,0.9208174932423313,0
03/09/2022MilanInter,Milan,Inter,03/09/2022,1.84,1.99,2.63,2.79,4.0,6,3,0,3,0,1,1.75,2.25,0.75,1.25,1.75,2.25,0.75,1.25,3.1666666666666665,1.0,2.3333333333333335,0.25,1.0,1304.2181136787503,1296.9953969896608,0.6093378345031139,0.8833032619512908,1.1729472498383826,1
03/09/2022LazioNapoli,Lazio,Napoli,03/09/2022,1.72,2.14,2.38,2.93,4.0,7,4,1,1,1,1,1.5,2.5,0.75,0.75,1.5,2.5,0.75,0.75,3.5,1.3333333333333333,1.6666666666666667,0.5,0.5,1184.5115595112293,1242.0452887053086,0.5179327107681861,1.2525590839777847,1.1210109558994625,1
04/09/2022CremoneseSassuolo,Cremonese,Sassuolo,04/09/2022,1.68,2.19,2.31,3.05,4.0,19,12,1,0,3,0,1.0,0.75,2.25,1.25,1.0,0.75,2.25,1.25,0.0,0.6666666666666666,1.0,0.75,0.5,959.9316504499835,1080.8429772043298,0.4272526536621914,1.0507217060435237,1.1955764617890403,0
04/09/2022SpeziaBologna,Spezia,Bologna,04/09/2022,1.86,1.96,2.45,3.04,4.0,13,16,0,1,2,1,0.75,0.75,1.75,1.5,0.75,0.75,1.75,1.5,3.25,0.6666666666666666,0.6666666666666666,0.5,0.25,963.0807883313179,1002.0302871274308,0.5445666736897081,1.063536580030575,0.9206725415139208,1
04/09/2022VeronaSampdoria,Verona,Sampdoria,04/09/2022,1.89,1.93,3.64,2.06,4.0,17,18,1,1,1,1,1.0,0.25,2.0,1.75,1.0,0.25,2.0,1.75,2.5,0.6666666666666666,0.3333333333333333,0.25,0.25,1039.400083053369,952.5897594572839,0.71149845069157,1.1210698378000603,0.9749877389510017,1
04/09/2022UdineseRoma,Udinese,Roma,04/09/2022,1.82,2.01,1.92,4.01,4.0,9,4,1,3,0,0,1.25,1.5,1.25,0.25,1.25,1.5,1.25,0.25,2.1666666666666665,1.0,1.6666666666666667,0.5,0.25,1079.0692495242938,1180.7281162431484,0.4545649100795057,1.1696031486898117,0.9226197687398829,1
05/09/2022MonzaAtalanta,Monza,Atalanta,05/09/2022,1.65,2.26,1.58,5.64,4.0,20,3,0,3,3,1,0.5,1.75,2.75,0.5,0.5,1.75,2.75,0.5,0.0,0.3333333333333333,1.6666666666666667,1.0,0.25,948.4279168573017,1144.1106831214684,0.32662532926173754,1.0456032811252525,1.1346848027361107,0
05/09/2022SalernitanaEmpoli,Salernitana,Empoli,05/09/2022,1.9,1.92,3.21,2.27,4.0,12,15,1,1,1,1,1.25,0.5,0.5,0.75,1.25,0.5,0.5,0.75,4.0,1.6666666666666667,0.6666666666666666,0.25,0.0,990.0729747453028,974.9387190133449,0.620123433692655,0.988441579882676,1.0158203819360356,1
05/09/2022TorinoLecce,Torino,Lecce,05/09/2022,1.83,1.99,5.11,1.73,4.0,9,17,1,1,3,1,1.25,0.75,1.25,1.25,1.25,0.75,1.25,1.25,3.5,1.0,0.6666666666666666,0.75,0.25,1091.369238093332,922.7440029324547,0.7979671741802237,0.9112660847623663,1.2188809086996961,0
10/09/2022NapoliSpezia,Napoli,Spezia,10/09/2022,1.48,2.65,11.33,1.26,5.0,2,14,2,2,1,2,2.4,1.0,0.8,1.8,2.4,1.0,0.8,1.8,3.0,1.0,1.3333333333333333,0.6,0.6,1262.762597136036,961.2981213837295,0.8945724031854417,1.1128623400512496,1.097252751952535,0
10/09/2022InterTorino,Inter,Torino,10/09/2022,1.67,2.23,7.01,1.45,5.0,8,6,2,1,3,0,2.2,1.2,1.6,1.0,2.2,1.2,1.6,1.0,2.8333333333333335,2.0,1.3333333333333333,1.0,0.6,1281.3689103697852,1099.450551126123,0.8100228486519909,1.2275112885803856,0.882111274460982,0
10/09/2022SampdoriaMilan,Sampdoria,Milan,10/09/2022,1.75,2.09,1.52,6.31,5.0,18,3,1,3,2,2,0.4,2.0,1.8,1.0,0.4,2.0,1.8,1.0,1.9166666666666667,0.6666666666666666,1.6666666666666667,0.4,0.4,941.0496974849467,1319.844600298626,0.14460390076297677,0.9797586573197924,0.9243934247123945,1
11/09/2022AtalantaCremonese,Atalanta,Cremonese,11/09/2022,1.58,2.39,9.28,1.33,5.0,3,19,2,0,0,0,1.8,0.8,0.4,1.8,1.8,0.8,0.4,1.8,0.0,2.0,0.6666666666666666,0.2,0.6,1157.1756962919378,962.8415443034959,0.8207783360926064,1.1162059896069108,0.9981856207413474,0
11/09/2022BolognaFiorentina,Bologna,Fiorentina,11/09/2022,1.91,1.9,2.42,2.97,5.0,16,11,2,1,2,1,1.0,0.8,1.6,0.8,1.0,0.8,1.6,0.8,2.1666666666666665,1.0,0.3333333333333333,0.4,0.2,1003.8129540750192,1100.3757247638057,0.4618474074648896,0.9498596463830536,0.9507135778301535,1
11/09/2022LecceMonza,Lecce,Monza,11/09/2022,1.97,1.84,3.21,2.3,5.0,17,20,0,0,1,2,0.6,0.4,1.2,2.6,0.6,0.4,1.2,2.6,0.0,0.6666666666666666,0.3333333333333333,0.2,0.8,914.6626898996636,935.3629036868323,0.5704757306570178,1.1798843496624032,1.0285751975617807,0
11/09/2022SassuoloUdinese,Sassuolo,Udinese,11/09/2022,1.67,2.21,2.58,2.69,5.0,12,5,0,4,0,0,0.6,1.8,1.0,1.0,0.6,1.8,1.0,1.0,1.9166666666666667,0.6666666666666666,2.3333333333333335,0.4,0.6,1077.9330833508175,1100.8866531211136,0.5672944536329305,1.1357976386995883,1.197832600902277,1
11/09/2022LazioVerona,Lazio,Verona,11/09/2022,1.67,2.21,5.51,1.59,5.0,9,13,1,2,2,1,1.4,1.2,1.0,1.8,1.4,1.2,1.0,1.8,3.25,1.6666666666666667,1.0,0.6,0.4,1163.794251080502,1050.9401450257062,0.7412724860532878,1.243454246287474,1.1265555813311658,0
11/09/2022JuventusSalernitana,Juventus,Salernitana,11/09/2022,1.78,2.05,8.11,1.41,5.0,8,10,1,2,1,2,1.4,1.4,0.4,0.8,1.4,1.4,0.4,0.8,2.0,1.3333333333333333,2.3333333333333335,0.2,0.4,1190.1760066260085,985.2680373975966,0.8295579312552047,0.9166603312126327,1.0177735812580748,1
12/09/2022EmpoliRoma,Empoli,Roma,12/09/2022,1.79,2.03,1.73,4.7,5.0,16,8,2,0,2,4,0.8,1.2,1.0,1.0,0.8,1.2,1.0,1.0,2.5,1.3333333333333333,1.3333333333333333,0.2,0.4,979.7436563610511,1158.9107126463286,0.34786977102691174,1.0459648491929094,0.9448880489690308,1
16/09/2022SalernitanaLecce,Salernitana,Lecce,16/09/2022,2.01,1.81,3.37,2.25,6.0,10,17,2,1,2,1,1.5,0.6666666666666666,1.0,1.1666666666666667,1.8,0.6,1.0,1.0,0.0,1.6666666666666667,0.6666666666666666,0.5,0.16666666666666666,998.4503546478047,911.8436606733829,0.7112577782342765,1.0541582326491785,1.1597788785682872,1
17/09/2022BolognaEmpoli,Bologna,Empoli,17/09/2022,1.88,1.94,3.42,2.13,6.0,12,17,2,1,1,2,1.1666666666666667,0.8333333333333334,1.5,1.1666666666666667,1.2,1.0,1.4,1.2,2.8333333333333335,1.6666666666666667,1.3333333333333333,0.5,0.3333333333333333,1025.3390577764237,965.8288655199746,0.678201876916895,0.9654771543305278,1.0571661928117058,0
17/09/2022SpeziaSampdoria,Spezia,Sampdoria,17/09/2022,2.0,1.8,2.74,2.69,6.0,15,19,0,1,1,2,0.8333333333333334,0.5,1.6666666666666667,1.8333333333333333,0.8,0.6,2.0,1.8,2.75,0.6666666666666666,1.0,0.5,0.5,957.0810175111471,935.2655414544276,0.6291407446809242,1.0603617890896997,0.9956781528235661,1
17/09/2022TorinoSassuolo,Torino,Sassuolo,17/09/2022,1.77,2.07,4.3,1.83,6.0,9,14,0,1,1,3,1.0,0.6666666666666666,1.0,1.3333333333333333,0.8,0.8,1.0,1.0,3.3333333333333335,0.6666666666666666,0.3333333333333333,0.5,0.5,1091.8514650722025,1055.2413052055003,0.6487837697217647,0.854298839922211,1.1457950523681342,0
18/09/2022UdineseInter,Udinese,Inter,18/09/2022,1.68,2.2,1.92,3.83,6.0,4,6,3,1,1,0,2.0,2.0,1.0,1.3333333333333333,2.0,2.0,0.4,1.4,2.75,2.6666666666666665,2.0,0.6666666666666666,0.8333333333333334,1123.5784312664307,1288.9679964237057,0.36607173801403126,1.2083760530180967,1.1888086006682446,1
18/09/2022CremoneseLazio,Cremonese,Lazio,18/09/2022,1.72,2.14,1.81,4.22,6.0,18,7,1,2,1,0,0.8333333333333334,1.5,1.6666666666666667,0.8333333333333334,0.6,1.4,1.4,0.8,0.0,0.6666666666666666,1.3333333333333333,0.5,0.5,975.6726777472002,1174.1433516383704,0.3231054747290374,0.9841120191151087,1.2167879933638877,1
18/09/2022FiorentinaVerona,Fiorentina,Verona,18/09/2022,1.79,2.04,4.48,1.78,6.0,14,17,1,0,2,2,0.8333333333333334,1.0,1.0,1.8333333333333333,0.4,0.8,0.8,1.2,2.75,0.6666666666666666,1.0,0.3333333333333333,0.3333333333333333,1078.8496210624012,1040.5910444678377,0.6509429121845156,0.9663451260426422,1.102396255683321,0
18/09/2022MonzaJuventus,Monza,Juventus,18/09/2022,1.94,1.87,1.84,4.41,6.0,20,8,1,2,1,2,0.5,1.5,2.3333333333333335,0.6666666666666666,0.4,1.2,2.4,0.8,0.0,0.3333333333333333,1.6666666666666667,0.6666666666666666,0.3333333333333333,938.181932913113,1176.9936893758004,0.2745301177450492,1.0110480654249572,0.9494302588364154,0
18/09/2022RomaAtalanta,Roma,Atalanta,18/09/2022,1.83,2.0,3.55,2.07,6.0,5,2,2,1,1,1,1.3333333333333333,1.6666666666666667,1.0,0.5,1.4,1.6,1.2,0.6,3.25,1.6666666666666667,2.0,0.5,0.16666666666666666,1172.825503487405,1144.3445628482336,0.6380479896939375,0.9550069508862061,1.1004683972151448,0
18/09/2022MilanNapoli,Milan,Napoli,18/09/2022,1.88,1.94,3.44,2.14,6.0,3,1,2,1,1,0,2.0,2.1666666666666665,1.0,0.6666666666666666,1.6,1.6,0.8,0.4,2.5,1.6666666666666667,1.3333333333333333,0.5,0.5,1325.628756329145,1266.9797010086183,0.6771190642468656,0.9394133246219124,1.0754465639821322,1
01/10/2022NapoliTorino,Napoli,Torino,01/10/2022,1.8,2.02,5.57,1.6,7.0,1,9,2,0,1,1,2.142857142857143,0.8571428571428571,0.7142857142857143,1.0,1.2,0.8,0.6,1.2,2.8333333333333335,1.6666666666666667,0.3333333333333333,0.5714285714285714,0.42857142857142855,1294.064463578493,1065.900114283332,0.8476609320531758,1.0855438855180326,0.8290390265362859,1
01/10/2022InterRoma,Inter,Roma,01/10/2022,1.81,2.02,3.61,2.08,7.0,7,6,1,0,3,1,1.8571428571428572,1.1428571428571428,1.5714285714285714,1.0,1.6,1.2,2.0,1.4,3.1666666666666665,1.3333333333333333,0.6666666666666666,0.8571428571428571,0.42857142857142855,1263.610865944267,1147.3035838996475,0.7450665335389032,1.1955727265759966,0.9254306827162896,1
01/10/2022EmpoliMilan,Empoli,Milan,01/10/2022,1.81,2.02,1.61,5.47,7.0,14,5,1,1,0,2,0.8571428571428571,1.8571428571428572,1.0,1.1428571428571428,1.2,1.6,1.2,1.0,3.3333333333333335,1.3333333333333333,2.0,0.2857142857142857,0.5714285714285714,992.9569405966504,1298.5439937592705,0.20486705153580007,1.0250230289519322,0.9482334359240432,1
02/10/2022LazioSpezia,Lazio,Spezia,02/10/2022,1.63,2.29,7.65,1.4,7.0,6,12,4,2,0,1,1.8571428571428572,1.0,0.7142857142857143,1.5714285714285714,2.2,1.2,0.8,1.6,5.0,2.3333333333333335,1.3333333333333333,0.5714285714285714,0.5714285714285714,1187.067570627532,971.9153877239102,0.8377345777650083,1.2372401524269179,1.0676041360321074,1
02/10/2022LecceCremonese,Lecce,Cremonese,02/10/2022,1.99,1.83,3.6,2.08,7.0,15,19,2,0,1,4,0.8571428571428571,0.7142857142857143,1.1428571428571428,2.0,1.0,0.6,1.0,2.0,0.0,1.0,0.3333333333333333,0.2857142857142857,0.5714285714285714,940.293971802754,962.7484587580386,0.5679995444500123,1.1587073860638544,1.0006532865014997,0
02/10/2022SampdoriaMonza,Sampdoria,Monza,02/10/2022,1.95,1.87,3.16,2.32,7.0,20,18,1,1,2,0,0.5714285714285714,0.5714285714285714,1.8571428571428572,2.0,0.8,0.6,2.2,1.6,0.0,1.0,0.6666666666666666,0.5714285714285714,0.5714285714285714,920.4311712416646,967.200728203311,0.5333815644489778,1.0024787058988653,0.9815609271522266,1
02/10/2022SassuoloSalernitana,Sassuolo,Salernitana,02/10/2022,1.69,2.18,3.5,2.04,7.0,11,13,1,1,0,2,0.7142857142857143,1.4285714285714286,1.1428571428571428,1.1428571428571428,0.8,2.0,1.0,1.4,2.5,0.6666666666666666,1.6666666666666667,0.42857142857142855,0.5714285714285714,1081.1926559943709,970.0000435184337,0.7394339384362902,1.111916311289695,1.0531843205822817,1
02/10/2022AtalantaFiorentina,Atalanta,Fiorentina,02/10/2022,1.89,1.93,3.88,1.97,7.0,2,10,1,2,0,0,1.5714285714285714,1.0,0.42857142857142855,0.8571428571428571,1.6,0.8,0.4,0.8,2.4166666666666665,1.3333333333333333,1.3333333333333333,0.14285714285714285,0.2857142857142857,1169.8664824359912,1092.8119045750207,0.6998354049202681,1.0663872333049236,0.9543124632283626,0
02/10/2022JuventusBologna,Juventus,Bologna,02/10/2022,1.84,1.98,6.48,1.51,7.0,8,16,0,0,1,1,1.2857142857142858,1.0,0.7142857142857143,1.4285714285714286,1.2,1.0,1.0,1.4,2.6666666666666665,1.0,1.3333333333333333,0.2857142857142857,0.42857142857142855,1147.9748940856023,998.2109826997479,0.7798964034484069,0.9217401991053217,0.9361217979205998,1
03/10/2022VeronaUdinese,Verona,Udinese,03/10/2022,1.81,2.01,2.27,3.1,7.0,18,5,0,3,2,1,0.8571428571428571,2.142857142857143,1.8571428571428572,1.0,0.6,2.6,1.4,0.6,1.75,0.6666666666666666,3.3333333333333335,0.2857142857142857,0.7142857142857143,1026.6287609552182,1148.9355617458696,0.4252880757363818,1.0886695217506075,1.2152515145195801,1
08/10/2022SassuoloInter,Sassuolo,Inter,08/10/2022,1.6,2.36,1.73,4.41,8.0,8,9,5,1,0,2,1.25,1.75,1.0,1.625,1.4,1.6,0.6,1.8,2.75,2.3333333333333335,1.0,0.5,0.875,1091.6152984569192,1233.808204602711,0.3975759118040382,1.1512706369737167,1.2006287678957595,1
08/10/2022MilanJuventus,Milan,Juventus,08/10/2022,2.11,1.75,3.65,2.11,8.0,5,7,3,3,1,0,2.0,1.5,1.125,0.625,1.8,1.6,1.2,0.8,2.5833333333333335,2.0,1.6666666666666667,0.625,0.375,1306.7386758207026,1156.779037947666,0.7800897481937586,0.9788687911120041,0.9397474129287108,0
08/10/2022BolognaSampdoria,Bologna,Sampdoria,08/10/2022,1.94,1.89,3.63,2.06,8.0,17,20,0,0,3,3,0.875,0.5,1.625,2.0,1.0,0.8,1.6,2.0,3.0,0.6666666666666666,0.6666666666666666,0.5,0.625,989.4068388376842,899.0959086637055,0.7156171442256756,0.9544099721764842,1.0134818981619396,0
09/10/2022TorinoEmpoli,Torino,Empoli,09/10/2022,2.04,1.8,4.86,1.76,8.0,10,14,1,1,3,3,0.875,0.875,1.25,1.25,0.6,1.2,1.6,1.6,3.0,0.3333333333333333,1.0,0.5,0.375,1059.806551565459,984.7622585352184,0.6973988888035171,0.8612828521073564,1.0581392884911047,0
09/10/2022MonzaSpezia,Monza,Spezia,09/10/2022,2.0,1.83,4.14,1.91,8.0,17,12,3,0,0,4,0.875,0.875,1.75,1.875,1.0,0.8,1.2,2.0,0.0,1.6666666666666667,0.6666666666666666,0.625,0.625,988.5359907812701,965.4247708345105,0.6308793926494747,0.9923345261681711,1.078883971052678,0
09/10/2022SalernitanaVerona,Salernitana,Verona,09/10/2022,1.82,2.01,2.88,2.45,8.0,15,18,0,1,5,2,1.25,0.875,1.625,1.875,1.2,0.8,2.4,1.6,3.5,1.0,0.3333333333333333,0.625,0.375,959.5774010558853,1009.617237925763,0.5286934232058783,1.0904599305689957,1.083608541219044,1
09/10/2022UdineseAtalanta,Udinese,Atalanta,09/10/2022,1.85,1.98,2.76,2.56,8.0,4,2,2,1,1,0,2.125,1.5,1.0,0.375,2.6,1.6,0.6,0.4,3.9166666666666665,2.6666666666666665,1.0,0.75,0.125,1165.9470847753248,1181.8730662391804,0.577196461314978,1.2096020826827756,1.0340253680264913,1
09/10/2022CremoneseNapoli,Cremonese,Napoli,09/10/2022,1.67,2.23,1.45,6.93,8.0,19,1,1,3,1,1,0.75,2.25,1.875,0.75,0.6,1.8,1.8,0.8,0.0,0.6666666666666666,2.0,0.5,0.625,965.4684405360391,1300.158026296366,0.17892088617472443,0.9851418485715377,1.1277639578837737,1
09/10/2022RomaLecce,Roma,Lecce,09/10/2022,1.83,2.0,9.21,1.36,8.0,6,13,2,1,1,1,1.25,0.875,1.0,1.125,1.4,1.0,1.4,1.0,2.5,1.3333333333333333,1.3333333333333333,0.5,0.25,1177.1062452412036,937.5739900247535,0.8559203303386498,0.9293443014083036,1.1407459023607867,1
10/10/2022FiorentinaLazio,Fiorentina,Lazio,10/10/2022,1.87,1.96,2.87,2.47,8.0,13,6,0,4,1,0,0.875,2.125,0.875,0.625,0.8,2.4,1.0,0.6,3.0,1.0,3.3333333333333335,0.25,0.625,1080.8053207718315,1193.5581875169316,0.43878235241727487,0.9253517532686117,1.2503122868718726,1
15/10/2022EmpoliMonza,Empoli,Monza,15/10/2022,1.95,1.87,2.87,2.54,9.0,14,12,1,2,1,0,0.8888888888888888,1.0,1.2222222222222223,1.5555555555555556,1.2,1.4,1.6,0.6,0.0,1.0,2.0,0.3333333333333333,0.5555555555555556,992.658214087359,1003.3008150752911,0.5846006590935501,1.0516746744536836,0.979793149084732,0
15/10/2022TorinoJuventus,Torino,Juventus,15/10/2022,2.28,1.64,2.5,3.05,9.0,10,8,1,0,1,2,0.8888888888888888,1.3333333333333333,1.2222222222222223,0.7777777777777778,0.6,1.2,1.2,1.2,2.5,0.6666666666666666,1.0,0.4444444444444444,0.3333333333333333,1051.9105960133181,1147.9826278754163,0.46254960061009925,0.8560209161066026,0.9336235373320659,0
15/10/2022AtalantaSassuolo,Atalanta,Sassuolo,15/10/2022,1.67,2.22,4.94,1.66,9.0,2,9,2,1,2,2,1.5555555555555556,1.2222222222222223,0.5555555555555556,1.1111111111111112,1.4,1.6,0.6,1.0,3.9166666666666665,1.3333333333333333,2.3333333333333335,0.2222222222222222,0.5555555555555556,1184.9609246917796,1075.7122619847576,0.7372721230621594,1.048461551887623,1.1436809201829168,1
16/10/2022InterSalernitana,Inter,Salernitana,16/10/2022,1.47,2.68,10.02,1.29,9.0,8,12,2,2,1,1,1.7777777777777777,1.3333333333333333,1.5555555555555556,1.5555555555555556,1.4,1.4,1.8,2.4,5.0,1.3333333333333333,1.0,0.8888888888888888,0.6666666666666666,1249.7112410748725,978.4296641276501,0.8770271854371975,1.192713659122405,1.091307483198917,0
16/10/2022LazioUdinese,Lazio,Udinese,16/10/2022,1.68,2.21,3.23,2.19,9.0,3,5,4,2,0,2,2.3333333333333335,2.111111111111111,0.5555555555555556,1.1111111111111112,3.0,2.8,0.4,1.0,2.75,4.0,2.3333333333333335,0.6666666666666666,0.7777777777777778,1211.1094816136226,1162.8592263227256,0.6638956235359781,1.2742502829714608,1.2264895194946444,0
16/10/2022SpeziaCremonese,Spezia,Cremonese,16/10/2022,1.99,1.84,3.07,2.47,9.0,15,19,0,1,2,4,0.7777777777777778,0.7777777777777778,1.8888888888888888,2.111111111111111,0.8,0.6,2.0,2.0,0.0,0.6666666666666666,0.6666666666666666,0.5555555555555556,0.5555555555555556,950.6599465404895,958.3116050890501,0.5887755584913199,1.065248759988827,1.0245557934650331,1
16/10/2022NapoliBologna,Napoli,Bologna,16/10/2022,1.55,2.45,11.54,1.26,9.0,2,17,4,1,1,1,2.4444444444444446,0.8888888888888888,0.7777777777777778,1.5555555555555556,2.4,1.0,0.8,1.6,3.6666666666666665,3.0,0.3333333333333333,0.6666666666666666,0.4444444444444444,1307.3148617433549,980.7821530686572,0.9074278534716229,1.172883984561509,0.9461573713885726,1
16/10/2022VeronaMilan,Verona,Milan,16/10/2022,1.77,2.06,1.56,5.98,9.0,18,4,1,2,2,0,0.8888888888888888,2.0,1.8888888888888888,1.0,0.8,2.2,1.8,1.2,3.25,0.6666666666666666,2.0,0.4444444444444444,0.5555555555555556,990.7649748539982,1315.5350858929523,0.18746380874425145,1.0844507686527802,0.9724899805723439,1
17/10/2022SampdoriaRoma,Sampdoria,Roma,17/10/2022,1.94,1.87,1.73,5.01,9.0,20,6,1,2,1,1,0.5555555555555556,1.3333333333333333,1.8888888888888888,1.0,0.8,1.2,2.0,1.6,2.3333333333333335,0.6666666666666666,1.3333333333333333,0.5555555555555556,0.5555555555555556,907.7205944327325,1182.8694320276577,0.23488472655309722,1.004718513709625,0.9354742509438093,0
17/10/2022LecceFiorentina,Lecce,Fiorentina,17/10/2022,2.13,1.72,2.07,3.83,9.0,16,14,1,0,2,4,0.8888888888888888,0.7777777777777778,1.2222222222222223,1.2222222222222223,1.0,0.8,1.2,1.6,2.5,1.3333333333333333,0.6666666666666666,0.3333333333333333,0.3333333333333333,931.8108032382995,1063.2540266751405,0.4124865292344466,1.148270255610395,0.9430681805108893,0
21/10/2022JuventusEmpoli,Juventus,Empoli,21/10/2022,1.68,2.22,7.8,1.4,10.0,8,10,1,1,0,0,1.3,0.9,0.7,1.1,1.2,1.0,1.0,1.2,2.5,1.3333333333333333,1.0,0.3,0.3,1166.4846118998203,1009.274187723617,0.7871662855803705,0.9103062755564221,1.0195034125049476,1
22/10/2022SalernitanaSpezia,Salernitana,Spezia,22/10/2022,1.95,1.87,3.8,2.02,10.0,13,15,0,2,2,2,1.2,0.9,1.6,1.9,1.0,0.8,2.4,2.0,3.5,0.6666666666666666,0.6666666666666666,0.6,0.6,973.510751545138,947.1089242008367,0.6352794475751549,1.0702790771905992,1.0900689413159927,0
22/10/2022MilanMonza,Milan,Monza,22/10/2022,1.64,2.27,7.9,1.4,10.0,3,14,2,0,1,1,2.0,0.9,1.0,1.5,2.0,1.4,1.0,0.4,0.0,2.3333333333333335,1.6666666666666667,0.6,0.5,1323.0336382427224,986.6848414390331,0.9120664717769121,0.9791930277397964,0.9498207794722792,1
22/10/2022FiorentinaInter,Fiorentina,Inter,22/10/2022,1.79,2.04,2.05,3.63,10.0,12,8,1,2,1,0,0.8,1.8,1.2,1.4,0.8,1.4,1.6,1.2,3.8333333333333335,0.3333333333333333,1.6666666666666667,0.3,0.8,1059.7534878445183,1254.6301536573847,0.3276467396078471,0.9307497764021418,1.1697312573137293,1
23/10/2022UdineseTorino,Udinese,Torino,23/10/2022,2.02,1.8,3.91,2.03,10.0,6,11,0,0,0,1,1.9,0.8,1.0,1.2,2.0,0.4,1.0,1.4,2.5833333333333335,1.3333333333333333,0.6666666666666666,0.7,0.4,1169.4150512641647,1033.4086119889141,0.7660013149237193,1.1651650435199121,0.8346417809539882,1
23/10/2022BolognaLecce,Bologna,Lecce,23/10/2022,2.21,1.67,3.62,2.19,10.0,17,16,2,1,3,1,1.0,0.9,1.7,1.2,1.0,1.2,1.8,1.2,5.0,1.0,1.0,0.5,0.3,977.0792672075221,935.3113420689217,0.6555188970276619,0.984109427343892,1.1332714916535824,0
23/10/2022AtalantaLazio,Atalanta,Lazio,23/10/2022,1.71,2.16,3.75,1.98,10.0,3,5,2,0,1,0,1.6,2.1,0.6,0.5,1.4,2.8,0.8,0.0,3.9166666666666665,1.6666666666666667,2.6666666666666665,0.3,0.6,1195.4700397692932,1204.5536566721835,0.5867783185611606,1.048500659279596,1.2105377688228878,0
23/10/2022RomaNapoli,Roma,Napoli,23/10/2022,1.79,2.03,2.41,2.89,10.0,4,1,1,3,0,2,1.3,2.5,0.9,0.9,1.4,2.6,0.8,1.0,2.9166666666666665,1.6666666666666667,3.3333333333333335,0.5,0.7,1192.2648210897817,1311.0177476044898,0.43029579877774526,0.9086066113186315,1.2199304484556168,0
24/10/2022CremoneseSampdoria,Cremonese,Sampdoria,24/10/2022,1.94,1.87,2.95,2.46,10.0,19,20,2,0,2,1,0.9,0.5,2.1,1.8,1.0,0.6,2.4,1.8,0.0,1.3333333333333333,0.3333333333333333,0.6,0.5,961.8626274287029,898.3252053706086,0.6832403017027976,1.0484278330568624,0.9758621182248113,0
24/10/2022SassuoloVerona,Sassuolo,Verona,24/10/2022,1.71,2.13,3.82,1.96,10.0,11,18,1,1,2,2,1.2,0.9,1.2,1.9,1.8,0.6,1.4,2.0,3.5,2.3333333333333335,1.0,0.6,0.5,1065.203146907244,983.2664225042281,0.7057057173876295,1.1437235792369917,1.091925523969829,1
29/10/2022NapoliSassuolo,Napoli,Sassuolo,29/10/2022,1.44,2.73,9.52,1.29,11.0,1,9,1,2,0,1,2.3636363636363638,1.2727272727272727,0.8181818181818182,1.1818181818181819,2.6,2.0,1.0,1.0,3.3333333333333335,2.6666666666666665,1.3333333333333333,0.6363636363636364,0.6363636363636364,1328.2295795555997,1076.974918211739,0.8640437763575519,1.180945652285823,1.1414862028105592,1
29/10/2022LecceJuventus,Lecce,Juventus,29/10/2022,2.15,1.7,1.89,4.42,11.0,17,8,0,4,2,0,0.8181818181818182,1.5454545454545454,1.2727272727272727,0.6363636363636364,1.0,1.6,1.4,0.6,3.0,0.6666666666666666,1.6666666666666667,0.2727272727272727,0.36363636363636365,921.5320979500282,1174.9979604766054,0.25805269778675327,1.1172538034820922,0.9432605372785375,0
29/10/2022InterSampdoria,Inter,Sampdoria,29/10/2022,1.53,2.48,12.03,1.25,11.0,7,18,4,1,3,0,2.0,0.5454545454545454,1.5454545454545454,1.6363636363636365,2.0,0.6,1.8,1.4,3.4166666666666665,2.6666666666666665,0.6666666666666666,0.8181818181818182,0.45454545454545453,1267.7360232416986,925.6548174387206,0.9146772467092752,1.2616610614991064,0.9461451941635762,1
30/10/2022EmpoliAtalanta,Empoli,Atalanta,30/10/2022,1.76,2.06,1.8,4.35,11.0,12,4,0,0,4,2,0.8181818181818182,1.4545454545454546,1.3636363636363635,0.7272727272727273,0.8,1.2,1.6,1.0,2.5,0.6666666666666666,1.3333333333333333,0.36363636363636365,0.2727272727272727,1000.7608391468318,1171.9989070268468,0.35829473840706866,1.0564107514791206,1.029118791948437,0
30/10/2022CremoneseUdinese,Cremonese,Udinese,30/10/2022,1.73,2.1,1.87,4.01,11.0,20,8,0,1,1,2,0.8181818181818182,1.8181818181818181,2.0,1.0909090909090908,0.8,1.6,2.4,1.2,0.0,1.0,1.0,0.5454545454545454,0.7272727272727273,934.533015360591,1138.7749986672159,0.3158825871879606,1.0165011400161366,1.1787939186950307,0
30/10/2022SpeziaFiorentina,Spezia,Fiorentina,30/10/2022,1.91,1.89,1.89,4.1,11.0,16,14,0,3,1,4,0.8181818181818182,1.0,1.8181818181818181,1.4545454545454546,0.8,1.2,2.0,2.0,3.25,0.6666666666666666,1.3333333333333333,0.5454545454545454,0.36363636363636365,932.5201021038429,1046.6476182602044,0.4368346817537344,1.0542522091699114,1.0038978983790892,1
30/10/2022LazioSalernitana,Lazio,Salernitana,30/10/2022,1.63,2.27,6.35,1.49,11.0,3,11,2,1,0,0,2.090909090909091,1.1818181818181819,0.45454545454545453,1.4545454545454546,2.8,0.8,0.0,2.0,3.0,2.0,1.0,0.5454545454545454,0.5454545454545454,1228.0247894146298,988.0995736421318,0.8561990650157785,1.1881605941143825,1.0351125867271502,1
30/10/2022TorinoMilan,Torino,Milan,30/10/2022,2.13,1.72,2.12,3.63,11.0,10,2,2,4,1,1,0.9090909090909091,2.1818181818181817,1.1818181818181819,1.0,0.8,2.4,1.4,1.0,2.25,1.0,2.6666666666666665,0.45454545454545453,0.6363636363636364,1064.048664585863,1326.550979371646,0.24821923067186216,0.8444045426432648,1.035516396224787,1
31/10/2022VeronaRoma,Verona,Roma,31/10/2022,1.91,1.88,1.84,4.32,11.0,19,8,1,0,2,1,0.9090909090909091,1.1818181818181819,1.9090909090909092,0.9090909090909091,0.8,1.0,2.0,0.8,3.0,1.0,1.0,0.5454545454545454,0.45454545454545453,971.4946511997333,1175.0529891386718,0.3167336412217326,1.089789476002382,0.879570658010288,1
31/10/2022MonzaBologna,Monza,Bologna,31/10/2022,1.91,1.88,3.32,2.22,11.0,15,14,1,2,4,0,0.9090909090909091,1.0909090909090908,1.7272727272727273,1.5454545454545454,1.4,1.0,1.0,1.6,0.0,1.0,1.6666666666666667,0.5454545454545454,0.45454545454545453,983.1675003101096,990.8585113264156,0.5887207099485512,1.0044546506717116,0.9701999995943084,1
04/11/2022UdineseLecce,Udinese,Lecce,04/11/2022,1.94,1.88,5.66,1.65,12.0,8,17,0,0,0,1,1.6666666666666667,0.75,1.0,1.25,1.0,0.6,1.0,1.4,2.0,0.3333333333333333,0.3333333333333333,0.6666666666666666,0.25,1131.4103021547344,911.2099900385581,0.841646108825781,1.119854222760279,1.0825941629528963,0
05/11/2022EmpoliSassuolo,Empoli,Sassuolo,05/11/2022,1.7,2.17,2.51,2.79,12.0,14,11,0,0,2,4,0.75,1.1666666666666667,1.4166666666666667,1.4166666666666667,0.6,1.8,2.0,1.8,3.8333333333333335,0.3333333333333333,1.0,0.3333333333333333,0.6666666666666666,986.4290496105491,1071.536669266041,0.47827208021046075,1.0424584187353063,1.1521542141266987,0
05/11/2022SalernitanaCremonese,Salernitana,Cremonese,05/11/2022,1.97,1.85,3.43,2.17,12.0,10,19,3,0,1,0,1.3333333333333333,0.75,1.4166666666666667,1.8333333333333333,1.2,0.8,1.8,1.6,0.0,1.3333333333333333,0.6666666666666666,0.5833333333333334,0.5,1022.3475362427629,941.8977118730726,0.7039249565056727,1.0506879229153896,0.9656760830153297,1
05/11/2022AtalantaNapoli,Atalanta,Napoli,05/11/2022,1.68,2.21,2.1,3.39,12.0,2,1,2,4,0,0,1.5,2.5,0.6666666666666666,0.75,1.4,3.0,1.0,0.8,3.3333333333333335,1.3333333333333333,2.6666666666666665,0.25,0.6666666666666666,1186.3306965631295,1333.6678285012977,0.39050539374326904,1.0155269122765644,1.1919824405985606,1
05/11/2022MilanSpezia,Milan,Spezia,05/11/2022,1.56,2.4,13.51,1.22,12.0,3,17,1,1,2,2,2.0833333333333335,0.8333333333333334,1.0833333333333333,1.8333333333333333,2.4,0.6,1.0,2.2,2.75,2.3333333333333335,1.0,0.6666666666666666,0.5833333333333334,1296.4797485985205,915.0467148336935,0.9307751244640101,1.054796565539542,1.0613066328857845,1
06/11/2022BolognaTorino,Bologna,Torino,06/11/2022,2.28,1.64,2.51,3.05,12.0,13,10,2,2,1,1,1.1666666666666667,1.0,1.5,1.1666666666666667,1.4,1.2,1.6,1.4,2.6666666666666665,2.0,1.3333333333333333,0.5,0.5,1014.4073397243577,1094.1198953589885,0.48602614877328615,0.9814239059287068,0.860126420743567,1
06/11/2022MonzaVerona,Monza,Verona,06/11/2022,1.88,1.93,3.32,2.2,12.0,15,20,1,1,2,3,0.9166666666666666,0.9166666666666666,1.75,2.0,1.4,1.0,1.4,2.2,0.0,0.6666666666666666,1.0,0.5833333333333334,0.5833333333333334,959.6186719121675,958.825305550864,0.6004929226610591,1.0160748371497619,1.1262534682728242,0
06/11/2022SampdoriaFiorentina,Sampdoria,Fiorentina,06/11/2022,2.02,1.81,1.95,4.06,12.0,19,14,0,2,3,1,0.5,1.0833333333333333,1.75,1.4166666666666667,0.4,1.2,1.6,2.2,3.75,0.3333333333333333,2.0,0.5,0.4166666666666667,922.2419073070915,1064.1210055303538,0.3980086470173365,0.9463942884009713,1.0106153812366463,0
06/11/2022RomaLazio,Roma,Lazio,06/11/2022,1.91,1.91,3.74,2.03,12.0,4,5,3,1,1,3,1.3333333333333333,2.0,0.9166666666666666,0.6666666666666666,1.6,2.2,0.8,0.6,2.75,1.3333333333333333,1.0,0.5,0.5833333333333334,1187.722334787541,1193.7768268139987,0.5909997757321815,0.9090007987679739,1.2060388432403664,0
06/11/2022JuventusInter,Juventus,Inter,06/11/2022,1.96,1.86,2.39,3.05,12.0,8,6,1,3,0,0,1.5,2.0833333333333335,0.5833333333333334,1.4166666666666667,1.8,2.4,0.4,1.2,2.25,2.0,3.0,0.3333333333333333,0.8333333333333334,1185.3200683880755,1271.1489333733275,0.47723617976758426,0.9139985459158252,1.261993222463305,0
08/11/2022NapoliEmpoli,Napoli,Empoli,08/11/2022,1.4,2.95,11.31,1.24,13.0,1,14,2,1,1,0,2.4615384615384617,0.7692307692307693,0.7692307692307693,1.3076923076923077,2.8,0.6,0.8,1.4,3.6666666666666665,2.3333333333333335,0.3333333333333333,0.6923076923076923,0.3076923076923077,1349.2880442510284,1007.2981664021306,0.9146362086473379,1.1914659477679854,1.00769428515077,0
08/11/2022SpeziaUdinese,Spezia,Udinese,08/11/2022,1.93,1.89,1.94,4.01,13.0,17,8,1,1,2,1,0.8461538461538461,1.6153846153846154,1.8461538461538463,1.0,0.8,0.8,1.8,1.0,2.25,0.6666666666666666,0.6666666666666666,0.6153846153846154,0.6153846153846154,912.2777198122538,1117.7444578017032,0.31436100309505416,1.0651243078422128,1.1008097987725443,0
08/11/2022CremoneseMilan,Cremonese,Milan,08/11/2022,1.72,2.14,1.54,6.15,13.0,18,2,2,2,2,1,0.8461538461538461,2.076923076923077,1.8461538461538463,1.0769230769230769,1.0,2.2,1.8,1.0,0.0,0.6666666666666666,2.3333333333333335,0.5384615384615384,0.6923076923076923,950.0547101332995,1299.2487436199601,0.1669818858696003,0.9935328704286316,1.0585908228329668,0
09/11/2022LecceAtalanta,Lecce,Atalanta,09/11/2022,2.02,1.81,1.8,4.7,13.0,17,4,1,1,1,2,0.7692307692307693,1.4615384615384615,1.2307692307692308,0.7692307692307693,0.6,1.4,1.4,1.4,6.5,0.3333333333333333,1.0,0.23076923076923078,0.3076923076923077,924.8758343915894,1170.7104808133988,0.2665523453273043,1.0641833896335775,1.0150868786388343,1
09/11/2022SassuoloRoma,Sassuolo,Roma,09/11/2022,1.8,2.04,2.1,3.48,13.0,13,6,0,0,1,1,1.0769230769230769,1.2307692307692308,1.3846153846153846,0.9230769230769231,0.8,1.2,2.0,0.8,3.1666666666666665,0.6666666666666666,1.0,0.6153846153846154,0.46153846153846156,1050.6675524744594,1164.0823437582537,0.4378442660322617,1.1137319209301226,0.8801339726390611,0
09/11/2022FiorentinaSalernitana,Fiorentina,Salernitana,09/11/2022,1.76,2.09,6.07,1.54,13.0,11,9,2,2,0,2,1.1538461538461537,1.3846153846153846,1.3076923076923077,1.4615384615384615,1.6,1.6,2.0,1.2,3.5,2.3333333333333335,2.0,0.38461538461538464,0.6153846153846154,1080.0413514110473,1014.190537982536,0.686115337967528,1.0023502941323668,1.0809970406632226,1
09/11/2022InterBologna,Inter,Bologna,09/11/2022,1.55,2.45,9.7,1.31,13.0,8,12,0,2,2,1,1.9230769230769231,1.2307692307692308,1.4615384615384615,1.4615384615384615,2.2,1.8,1.2,1.2,2.75,2.3333333333333335,2.0,0.7692307692307693,0.5384615384615384,1250.2383805640309,1034.9662937734263,0.8378283815020224,1.2426573071127547,1.002109898125862,1
09/11/2022TorinoSampdoria,Torino,Sampdoria,09/11/2022,2.12,1.74,5.88,1.63,13.0,10,19,1,0,2,2,1.0,0.46153846153846156,1.2307692307692308,1.7692307692307692,1.2,0.4,1.2,1.4,2.8333333333333335,1.6666666666666667,0.3333333333333333,0.5384615384615384,0.46153846153846156,1073.56094130992,906.321561426398,0.7966779993716091,0.8782557615111853,0.9386544188384726,0
10/11/2022VeronaJuventus,Verona,Juventus,10/11/2022,1.96,1.86,1.69,5.26,13.0,20,7,0,2,2,0,0.8461538461538461,1.5384615384615385,2.0,0.5384615384615384,0.8,1.6,2.2,0.4,2.75,0.6666666666666666,2.3333333333333335,0.5384615384615384,0.3076923076923077,942.8450224573063,1206.230621197372,0.24727162835853483,1.1093079738675775,0.899994509919611,0
10/11/2022LazioMonza,Lazio,Monza,10/11/2022,1.72,2.14,5.37,1.62,13.0,3,15,1,2,0,0,1.9230769230769231,1.0,0.6153846153846154,1.6153846153846154,1.6,1.2,0.6,1.4,0.0,1.3333333333333333,1.3333333333333333,0.5384615384615384,0.5384615384615384,1217.416817843286,975.5989550057252,0.857535277044168,1.1677390819643354,1.0007870791509892,0
11/11/2022EmpoliCremonese,Empoli,Cremonese,11/11/2022,1.92,1.9,2.88,2.52,14.0,14,18,0,0,2,0,0.7142857142857143,0.7857142857142857,1.3571428571428572,1.7142857142857142,0.4,0.8,1.6,1.0,0.0,0.3333333333333333,0.6666666666666666,0.2857142857142857,0.5,1003.8836147480241,963.3754346985155,0.6538795264108852,0.9908816591891104,0.9438562269072,0
12/11/2022NapoliUdinese,Napoli,Udinese,12/11/2022,1.57,2.41,6.23,1.48,14.0,1,8,2,1,0,1,2.4285714285714284,1.5714285714285714,0.7142857142857143,1.0,2.4,0.6,0.6,0.8,3.5833333333333335,2.6666666666666665,0.6666666666666666,0.6428571428571429,0.5714285714285714,1352.7025959051348,1110.3188979255053,0.8579327422279819,1.1715872289729492,1.083323610905038,1
12/11/2022SampdoriaLecce,Sampdoria,Lecce,12/11/2022,2.43,1.56,2.93,2.66,14.0,19,16,0,2,2,1,0.42857142857142855,0.8571428571428571,1.7857142857142858,1.2142857142857142,0.2,0.8,1.6,1.2,2.5,0.0,1.0,0.42857142857142855,0.2857142857142857,898.1886814012624,954.2137405784972,0.5201007173688118,0.9372665172452695,1.0700824612912738,0
12/11/2022BolognaSassuolo,Bologna,Sassuolo,12/11/2022,1.83,2.0,3.01,2.34,14.0,14,13,1,1,6,1,1.2142857142857142,1.0714285714285714,1.7857142857142858,1.3571428571428572,1.8,0.8,2.2,1.8,3.0833333333333335,1.6666666666666667,0.3333333333333333,0.5714285714285714,0.5714285714285714,1028.4794290335071,1053.153781833169,0.5648613038077985,1.0646661959750328,1.1034929513171932,1
13/11/2022AtalantaInter,Atalanta,Inter,13/11/2022,1.7,2.17,2.27,3.07,14.0,6,5,1,6,2,1,1.4285714285714286,2.2142857142857144,0.8571428571428571,1.4285714285714286,1.2,3.0,1.4,1.2,2.4166666666666665,1.3333333333333333,3.0,0.35714285714285715,0.7857142857142857,1141.372574626491,1256.72524530395,0.43510046110597406,1.0207137943511155,1.3202296779411191,1
13/11/2022MonzaSalernitana,Monza,Salernitana,13/11/2022,1.85,1.96,3.63,2.1,14.0,16,12,0,1,1,2,0.9285714285714286,1.3571428571428572,1.5714285714285714,1.5,0.8,1.4,1.6,1.4,0.0,1.0,2.0,0.5,0.6428571428571429,969.9003660874919,1001.635151501237,0.5548464874794494,0.9678748388688307,1.0868065016379316,1
13/11/2022RomaTorino,Roma,Torino,13/11/2022,2.19,1.68,4.28,1.92,14.0,7,9,1,2,1,0,1.2142857142857142,1.0714285714285714,0.9285714285714286,1.1428571428571428,1.0,1.4,0.8,1.0,3.1666666666666665,1.3333333333333333,1.6666666666666667,0.42857142857142855,0.5,1161.5961143995441,1081.6938213350556,0.7032676443176799,0.872042559587317,0.8769571658340356,0
13/11/2022VeronaSpezia,Verona,Spezia,13/11/2022,1.88,1.94,3.52,2.11,14.0,20,17,0,1,1,1,0.7857142857142857,0.8571428571428571,1.9285714285714286,1.7857142857142858,0.6,1.0,2.0,1.6,2.5,0.3333333333333333,1.0,0.5,0.5714285714285714,932.9541573229649,919.7032796884516,0.6175661697003666,1.0760649329547882,1.048204978299594,1
13/11/2022MilanFiorentina,Milan,Fiorentina,13/11/2022,1.87,1.95,4.84,1.72,14.0,3,10,0,2,0,1,1.9285714285714286,1.2142857142857142,1.0,1.2857142857142858,1.8,2.0,1.0,1.4,2.8333333333333335,1.0,2.0,0.6428571428571429,0.42857142857142855,1285.928019054744,1092.5967378923463,0.8199275490434537,1.0056612816913184,1.0077370941861183,1
13/11/2022JuventusLazio,Juventus,Lazio,13/11/2022,2.01,1.82,3.95,2.0,14.0,4,2,1,1,0,0,1.5,1.8571428571428572,0.5,0.5714285714285714,1.8,1.0,0.0,0.6,2.5833333333333335,1.3333333333333333,1.0,0.2857142857142857,0.5,1216.1214863317134,1223.1154067615194,0.5896919708341926,0.8730240427280402,1.1293363986632263,1
04/01/2023SalernitanaMilan,Salernitana,Milan,04/01/2023,1.74,2.11,1.48,6.87,15.0,12,2,0,2,3,1,1.2666666666666666,1.9333333333333333,1.6,1.0,1.4,1.8,1.6,1.0,3.0,1.0,1.3333333333333333,0.6666666666666666,0.6666666666666666,983.829011000415,1293.1309170930058,0.20140558276392342,1.0944576630483618,1.0149175561367665,1
04/01/2023SassuoloSampdoria,Sassuolo,Sampdoria,04/01/2023,1.93,1.89,4.73,1.76,15.0,15,19,0,0,3,2,1.0,0.4,1.4666666666666666,1.8,0.6,0.2,2.0,1.8,2.75,0.3333333333333333,0.0,0.6,0.4,1035.748233985481,877.38465270651,0.7882762841314824,1.1046739955417086,0.9277834881796957,1
04/01/2023SpeziaAtalanta,Spezia,Atalanta,04/01/2023,1.73,2.13,1.71,4.74,15.0,17,6,2,2,1,3,0.9333333333333333,1.4666666666666666,1.7333333333333334,1.0,1.0,1.2,1.4,1.8,3.75,1.3333333333333333,1.3333333333333333,0.6,0.4,944.4059264764663,1123.968556182252,0.3473533746159625,1.0515534463193301,1.0454225009843134,1
04/01/2023TorinoVerona,Torino,Verona,04/01/2023,2.0,1.82,4.42,1.85,15.0,9,20,1,1,1,2,1.0666666666666667,0.8,1.1333333333333333,1.9333333333333333,1.6,0.6,1.0,2.0,2.625,1.3333333333333333,0.3333333333333333,0.4666666666666667,0.5333333333333333,1089.8245271077628,908.2515105349502,0.8097167424131342,0.8789786284375543,1.0795023989941155,0
04/01/2023LecceLazio,Lecce,Lazio,04/01/2023,2.3,1.63,2.13,3.72,15.0,16,4,2,0,0,3,0.9333333333333333,1.7333333333333334,1.1333333333333333,0.7333333333333333,1.0,1.0,1.0,1.2,4.5,1.6666666666666667,0.6666666666666666,0.26666666666666666,0.5333333333333333,975.0177692732497,1206.703085594887,0.2827755217761804,1.059255633600031,1.141596208311206,1
04/01/2023RomaBologna,Roma,Bologna,04/01/2023,2.04,1.79,5.72,1.63,15.0,7,11,1,3,1,0,1.2,1.3333333333333333,0.9333333333333333,1.6666666666666667,1.0,2.0,1.0,1.6,2.5,0.6666666666666666,2.0,0.4,0.6,1153.465408626837,1045.8849768811951,0.7354077484096011,0.8740526935956364,1.06580568477765,0
04/01/2023CremoneseJuventus,Cremonese,Juventus,04/01/2023,1.98,1.85,1.7,5.14,15.0,18,3,0,3,2,0,0.7333333333333333,1.6,1.7333333333333334,0.4666666666666667,0.4,2.2,1.0,0.0,0.0,0.6666666666666666,2.0,0.4666666666666667,0.3333333333333333,949.5306157549509,1232.5338074983456,0.22685686438799862,0.9370315055643677,0.8825013858780744,0
04/01/2023FiorentinaMonza,Fiorentina,Monza,04/01/2023,1.88,1.94,4.85,1.72,15.0,10,14,1,3,2,0,1.2,1.0666666666666667,1.3333333333333333,1.4666666666666666,2.0,1.4,1.6,1.4,0.0,1.6666666666666667,1.6666666666666667,0.4666666666666667,0.5333333333333333,1085.3938398540845,987.7065065883139,0.7241788781263444,1.01701247475656,0.9746887165978642,0
04/01/2023InterNapoli,Inter,Napoli,04/01/2023,1.69,2.19,3.12,2.3,15.0,5,1,3,3,2,2,2.2666666666666666,2.466666666666667,1.4666666666666666,0.8,3.2,2.4,1.6,0.6,2.1666666666666665,3.0,2.3333333333333335,0.8,0.6666666666666666,1274.129263748189,1358.3852862160154,0.4794954405994727,1.3521888500236579,1.2053163882593545,0
04/01/2023UdineseEmpoli,Udinese,Empoli,04/01/2023,1.69,2.19,5.69,1.62,15.0,8,13,2,2,3,0,1.6,0.8,1.1333333333333333,1.2666666666666666,1.0,0.6,1.4,1.6,3.3333333333333335,1.3333333333333333,1.0,0.6,0.26666666666666666,1104.6362076146247,1017.7284336915887,0.7116135862764714,1.1145117236868507,0.9837169120434056,0
07/01/2023FiorentinaSassuolo,Fiorentina,Sassuolo,07/01/2023,1.77,2.07,4.75,1.72,16.0,10,16,1,1,1,2,1.1875,1.0,1.3125,1.5,1.6,0.4,1.0,2.2,3.1666666666666665,1.3333333333333333,0.6666666666666666,0.4375,0.625,1076.4266847290307,1004.2171826202217,0.693944111551532,1.0072005942798825,1.1141105564067042,1
07/01/2023JuventusUdinese,Juventus,Udinese,07/01/2023,1.95,1.88,4.66,1.78,16.0,3,8,1,1,0,1,1.5625,1.5625,0.4375,1.125,1.6,1.0,0.0,1.2,3.5833333333333335,1.6666666666666667,1.3333333333333333,0.3125,0.5625,1241.6080820738655,1096.1716641635658,0.7755904206466986,0.8597203160988445,1.0994482421286356,0
07/01/2023MonzaInter,Monza,Inter,07/01/2023,1.67,2.23,1.56,5.62,16.0,14,4,1,1,1,0,1.0625,2.1875,1.4375,1.375,1.4,2.6,0.8,1.0,0.0,1.3333333333333333,3.3333333333333335,0.5,0.75,996.6736617133677,1294.9494461242102,0.21180807769218996,0.9652851650912677,1.3011725611498661,1
08/01/2023SalernitanaTorino,Salernitana,Torino,08/01/2023,2.16,1.7,2.15,3.67,16.0,15,10,1,1,2,1,1.25,1.0625,1.625,1.125,1.4,1.4,2.0,1.0,2.5,0.6666666666666666,1.3333333333333333,0.6875,0.4375,975.7727876898581,1077.4358574112375,0.4545589114249535,1.0988528822848578,0.8720838064250416,0
08/01/2023LazioEmpoli,Lazio,Empoli,08/01/2023,1.74,2.12,5.94,1.55,16.0,5,14,1,1,2,1,1.6875,0.8125,0.8125,1.25,0.8,0.8,1.6,1.0,2.8333333333333335,0.6666666666666666,1.0,0.5625,0.25,1178.0141064659342,1026.1929771426476,0.7819224893684301,1.1411599484199713,0.9704212227759559,1
08/01/2023SpeziaLecce,Spezia,Lecce,08/01/2023,2.2,1.69,2.95,2.62,16.0,17,12,2,2,2,1,1.0,1.0,1.75,1.125,1.4,1.4,1.6,0.8,0.0,1.6666666666666667,2.0,0.625,0.3125,950.5117914918278,1003.7067484022025,0.5241655585659564,1.075499858691302,1.0588508400800984,0
08/01/2023SampdoriaNapoli,Sampdoria,Napoli,08/01/2023,1.76,2.09,1.4,8.2,16.0,18,1,2,0,1,1,0.5,2.3125,1.75,0.8125,0.4,2.2,2.0,0.8,3.3333333333333335,0.6666666666666666,1.6666666666666667,0.4375,0.625,908.9157040717693,1337.5651038399942,0.11259023001582076,0.9357089805793355,1.159841402241922,0
08/01/2023MilanRoma,Milan,Roma,08/01/2023,2.06,1.79,4.35,1.87,16.0,3,6,2,1,1,0,1.9375,1.1875,1.0,0.875,1.4,1.2,1.0,0.8,3.0,1.3333333333333333,1.0,0.6875,0.375,1301.1871404035628,1164.0490986904529,0.7671668869148424,1.0189933512239564,0.8491152055890705,1
09/01/2023VeronaCremonese,Verona,Cremonese,09/01/2023,1.91,1.91,3.73,2.08,16.0,20,19,1,0,1,1,0.8125,0.6875,1.875,1.6875,0.6,0.4,1.8,1.0,0.0,0.6666666666666666,0.0,0.5,0.4375,920.6401802314755,940.456341179431,0.5717222589259522,1.071034642597836,0.9128427842148151,0
09/01/2023BolognaAtalanta,Bologna,Atalanta,09/01/2023,1.88,1.94,2.16,3.42,16.0,12,7,0,2,1,2,1.25,1.5,1.625,1.0625,1.6,1.6,1.8,1.8,2.5833333333333335,1.3333333333333333,1.6666666666666667,0.5625,0.4375,1035.3012868175792,1117.8626911668905,0.48193055851259736,1.0353973161790306,1.06922929691954,1
13/01/2023NapoliJuventus,Napoli,Juventus,13/01/2023,2.04,1.8,4.06,1.96,17.0,1,2,2,1,0,0,2.2941176470588234,1.5294117647058822,0.7647058823529411,0.4117647058823529,1.8,1.6,0.8,0.0,2.75,1.6666666666666667,1.6666666666666667,0.5882352941176471,0.29411764705882354,1342.068713040627,1250.5844652479975,0.7169896740181563,1.1445976660992554,0.8349252430173888,1
14/01/2023CremoneseMonza,Cremonese,Monza,14/01/2023,2.05,1.79,2.54,2.86,17.0,20,14,0,2,2,2,0.6470588235294118,1.1176470588235294,1.7058823529411764,1.4705882352941178,0.4,1.6,1.4,0.8,0.0,0.0,2.0,0.4117647058823529,0.5294117647058824,923.3252315364691,1008.2013386056801,0.4786046340166783,0.9045477096172025,0.9785039125414225,1
14/01/2023LecceMilan,Lecce,Milan,14/01/2023,1.99,1.84,1.61,5.82,17.0,11,3,0,2,0,2,0.9411764705882353,1.9411764705882353,1.0588235294117647,1.0588235294117647,1.4,1.6,0.6,1.0,4.5,1.3333333333333333,2.0,0.29411764705882354,0.7058823529411765,1004.6733707448408,1290.500464926969,0.22401839876634674,1.0059082980760934,1.062259403123936,1
14/01/2023InterVerona,Inter,Verona,14/01/2023,1.51,2.57,9.79,1.29,17.0,4,18,2,2,2,0,2.176470588235294,0.8823529411764706,1.411764705882353,1.7647058823529411,2.4,0.8,1.4,1.2,2.875,2.0,1.3333333333333333,0.7647058823529411,0.47058823529411764,1283.4217692318978,937.7712898744373,0.9162671421093669,1.3189909966722693,1.0613020660681127,0
15/01/2023SassuoloLazio,Sassuolo,Lazio,15/01/2023,1.78,2.06,2.19,3.19,17.0,16,5,1,2,2,2,1.0,1.7058823529411764,1.5294117647058822,0.8823529411764706,0.6,1.0,1.8,1.4,3.25,0.6666666666666666,1.0,0.6470588235294118,0.5882352941176471,991.9749470822829,1166.737206891197,0.35364391629652553,1.1179760816027724,1.1665403788923308,0
15/01/2023TorinoSpezia,Torino,Spezia,15/01/2023,2.03,1.81,5.56,1.65,17.0,10,17,1,0,1,0,1.0588235294117647,0.9411764705882353,1.1176470588235294,1.6470588235294117,1.2,1.2,1.0,1.2,2.25,1.0,1.3333333333333333,0.4117647058823529,0.5882352941176471,1075.6182138682357,949.5451691491895,0.7555965404824173,0.8648812133010663,1.0217248657567368,0
15/01/2023UdineseBologna,Udinese,Bologna,15/01/2023,1.96,1.87,4.04,1.97,17.0,8,13,0,1,1,2,1.4705882352941178,1.2352941176470589,1.1176470588235294,1.6470588235294117,1.0,1.4,1.4,2.0,2.5,1.0,1.3333333333333333,0.5294117647058824,0.5882352941176471,1087.1952809894337,1016.0240644770754,0.6926732443184727,1.0677392095486455,1.0397426355533326,1
15/01/2023AtalantaSalernitana,Atalanta,Salernitana,15/01/2023,1.59,2.37,7.81,1.39,17.0,6,15,2,1,1,1,1.5294117647058822,1.2352941176470589,1.0588235294117647,1.588235294117647,1.6,1.0,2.0,2.0,1.5,2.0,0.6666666666666666,0.47058823529411764,0.6470588235294118,1137.1399135073943,977.5904312328599,0.7894133787075838,1.0737166011716137,1.0897773895903542,1
15/01/2023RomaFiorentina,Roma,Fiorentina,15/01/2023,2.04,1.79,3.83,2.0,17.0,7,9,2,2,2,1,1.2352941176470589,1.2352941176470589,0.9411764705882353,1.2941176470588236,1.0,1.6,1.0,1.0,3.1666666666666665,1.3333333333333333,1.3333333333333333,0.4117647058823529,0.47058823529411764,1174.7357741670467,1088.6689202669695,0.7106191575243377,0.8851682990758448,1.0106951839795266,0
16/01/2023EmpoliSampdoria,Empoli,Sampdoria,16/01/2023,2.2,1.68,3.58,2.25,17.0,14,19,2,0,2,2,0.8823529411764706,0.47058823529411764,1.2941176470588236,1.7647058823529411,1.2,0.4,1.0,1.8,2.5,1.6666666666666667,0.6666666666666666,0.29411764705882354,0.4117647058823529,1037.4698767173848,904.4120948711364,0.7629451429976556,0.992004269401163,0.9234110053745327,0
21/01/2023VeronaLecce,Verona,Lecce,21/01/2023,2.35,1.6,3.31,2.41,18.0,18,14,0,2,1,2,0.8333333333333334,1.0,1.7222222222222223,1.1111111111111112,0.8,1.6,1.0,0.8,2.0,1.0,1.3333333333333333,0.4444444444444444,0.3333333333333333,934.421975558812,1015.7126347941869,0.48375715264476926,1.023400068540606,1.0309240545911837,0
21/01/2023SalernitanaNapoli,Salernitana,Napoli,21/01/2023,1.55,2.45,1.31,9.41,18.0,16,1,2,5,8,1,1.2777777777777777,2.4444444444444446,1.9444444444444444,0.7777777777777778,1.0,2.4,3.2,0.8,3.0,1.3333333333333333,2.3333333333333335,0.6666666666666666,0.6111111111111112,969.1669663811633,1353.3891260799007,0.1407822330447496,1.22155741059997,1.2310932252857956,0
21/01/2023FiorentinaTorino,Fiorentina,Torino,21/01/2023,2.2,1.68,3.61,2.13,18.0,10,9,0,0,2,1,1.1666666666666667,1.0,1.3333333333333333,1.1111111111111112,1.2,1.0,1.4,0.8,2.6666666666666665,1.0,0.6666666666666666,0.4444444444444444,0.3888888888888889,1077.093686567943,1045.394352248939,0.6423155286843822,1.0053495713437086,0.8412118940074946,0
22/01/2023SampdoriaUdinese,Sampdoria,Udinese,22/01/2023,2.15,1.72,2.15,3.58,18.0,19,9,0,1,1,2,0.4444444444444444,1.4444444444444444,1.7222222222222223,1.1666666666666667,0.4,1.0,1.6,1.6,2.8333333333333335,0.6666666666666666,0.6666666666666666,0.3888888888888889,0.5555555555555556,894.9299005910427,1059.4883512166948,0.3671827031314093,0.8974016586579574,1.0720588371713242,0
22/01/2023MonzaSassuolo,Monza,Sassuolo,22/01/2023,1.79,2.05,3.33,2.22,18.0,13,17,3,0,2,2,1.2222222222222223,0.9444444444444444,1.5,1.5555555555555556,1.8,0.6,1.2,2.0,0.0,2.0,0.6666666666666666,0.5555555555555556,0.6111111111111112,1027.3455239663472,977.8291904304219,0.6655199370023078,1.0401312051212135,1.0963667035243134,0
22/01/2023SpeziaRoma,Spezia,Roma,22/01/2023,2.04,1.8,1.82,4.53,18.0,15,7,1,2,0,0,0.9444444444444444,1.2777777777777777,1.5555555555555556,0.8888888888888888,1.2,1.4,0.8,0.8,3.5,1.0,1.6666666666666667,0.5555555555555556,0.3888888888888889,979.7690307684862,1186.3110078660732,0.31302844911158123,0.9937631853480777,0.880486603823539,0
22/01/2023JuventusAtalanta,Juventus,Atalanta,22/01/2023,2.0,1.83,3.51,2.13,18.0,3,6,1,8,5,2,1.5,1.8888888888888888,0.6666666666666666,1.1111111111111112,1.4,3.0,1.0,2.0,2.8333333333333335,1.0,4.0,0.3333333333333333,0.5,1239.2640522087238,1145.563378359091,0.7195714440746126,0.8980193134603777,1.2035544906454962,1
23/01/2023BolognaCremonese,Bologna,Cremonese,23/01/2023,2.1,1.75,4.33,1.94,18.0,12,20,2,2,1,3,1.2777777777777777,0.7222222222222222,1.6111111111111112,1.7777777777777777,1.4,0.4,2.0,1.6,0.0,1.0,0.6666666666666666,0.6111111111111112,0.4444444444444444,1043.7309942498143,904.181046175802,0.769637676775169,1.043949000711461,0.9615171561758533,0
23/01/2023InterEmpoli,Inter,Empoli,23/01/2023,1.57,2.38,10.24,1.28,18.0,4,13,1,1,0,0,2.111111111111111,0.8888888888888888,1.3333333333333333,1.2222222222222223,2.6,1.2,1.0,1.0,2.6666666666666665,1.3333333333333333,1.3333333333333333,0.7222222222222222,0.2777777777777778,1286.7710835475232,1046.9520709974786,0.8561237772479106,1.2718862231181325,0.9640628837808857,0
24/01/2023LazioMilan,Lazio,Milan,24/01/2023,1.88,1.94,2.27,3.17,18.0,7,3,2,2,0,2,1.7222222222222223,1.9444444444444444,0.8333333333333334,1.1111111111111112,1.2,1.6,1.4,1.2,2.8333333333333335,1.6666666666666667,2.0,0.5555555555555556,0.7222222222222222,1180.8829635430582,1279.4612008776228,0.4589651140160186,1.1439923007123989,1.088676545357714,1
27/01/2023BolognaSpezia,Bologna,Spezia,27/01/2023,2.19,1.7,4.57,1.89,19.0,12,15,1,0,1,2,1.263157894736842,0.8947368421052632,1.5789473684210527,1.5789473684210527,1.4,1.0,1.0,1.0,3.4,1.3333333333333333,0.3333333333333333,0.5789473684210527,0.5263157894736842,1032.9454871788075,967.247892804023,0.685925358369529,1.03335247245152,0.9895044509308633,0
27/01/2023LecceSalernitana,Lecce,Salernitana,27/01/2023,2.15,1.72,4.74,1.83,19.0,14,16,0,0,2,2,0.9473684210526315,1.2105263157894737,1.1578947368421053,1.9473684210526316,1.2,0.8,1.0,3.2,3.0,0.6666666666666666,1.0,0.3157894736842105,0.631578947368421,995.0629208999777,963.5356770593734,0.6420879024869046,1.0184632508464428,1.1929709868413678,1
28/01/2023EmpoliTorino,Empoli,Torino,28/01/2023,2.25,1.66,2.44,3.24,19.0,11,9,1,1,0,0,0.8947368421052632,1.0,1.1578947368421053,1.0526315789473684,1.4,0.8,0.6,0.8,2.857142857142857,1.3333333333333333,0.6666666666666666,0.2631578947368421,0.3684210526315789,1081.197022087395,1071.0869733963143,0.6132870735272665,0.931584416560956,0.819044877192938,1
28/01/2023CremoneseInter,Cremonese,Inter,28/01/2023,1.68,2.21,1.5,6.45,19.0,20,5,1,0,1,1,0.7368421052631579,2.0,1.736842105263158,1.3157894736842106,0.6,1.4,1.8,1.0,4.0,1.0,1.0,0.42105263157894735,0.6842105263157895,914.9665532468088,1252.5261324576068,0.17650667545593016,0.9517573463471244,1.229037446653452,1
28/01/2023AtalantaSampdoria,Atalanta,Sampdoria,28/01/2023,1.7,2.18,9.22,1.34,19.0,7,19,3,0,3,1,1.9473684210526316,0.42105263157894735,1.2105263157894737,1.6842105263157894,3.4,0.4,2.2,1.4,2.5384615384615383,4.333333333333333,0.0,0.5263157894736842,0.3684210526315789,1154.3462361220757,880.2425924657864,0.8787685262225742,1.2770041816947402,0.8711872682174332,0
29/01/2023MilanSassuolo,Milan,Sassuolo,29/01/2023,1.52,2.53,6.15,1.49,19.0,5,17,0,1,4,1,1.8421052631578947,0.9473684210526315,1.263157894736842,1.5263157894736843,1.6,0.6,2.0,2.0,2.6153846153846154,1.3333333333333333,0.6666666666666666,0.7368421052631579,0.5789473684210527,1257.8198054382635,984.4499879105142,0.8783177785089311,1.1041732586626816,1.0800050551613143,1
29/01/2023JuventusMonza,Juventus,Monza,29/01/2023,1.92,1.91,6.49,1.55,19.0,4,13,3,1,3,1,1.5789473684210527,1.2105263157894737,0.7894736842105263,1.4736842105263157,1.8,2.0,1.6,1.2,1.0,1.6666666666666667,2.0,0.3684210526315789,0.5263157894736842,1230.4811944457392,1020.7247264862549,0.8334679800121337,0.952823015031499,1.0246087882374555,0
29/01/2023LazioFiorentina,Lazio,Fiorentina,29/01/2023,1.98,1.85,3.72,2.11,19.0,6,12,4,0,0,1,1.8421052631578947,1.105263157894737,0.7894736842105263,1.3157894736842106,1.8,0.8,1.4,1.4,3.076923076923077,2.6666666666666665,0.6666666666666666,0.5789473684210527,0.42105263157894735,1202.5243589824174,1051.4010654205676,0.7812367248081776,1.1602764034450475,0.978857315336348,0
29/01/2023NapoliRoma,Napoli,Roma,29/01/2023,1.98,1.86,4.94,1.74,19.0,1,7,2,2,0,0,2.4210526315789473,1.3157894736842106,0.7368421052631579,0.8421052631578947,2.4,1.6,0.8,0.6,2.769230769230769,3.0,2.0,0.5789473684210527,0.3684210526315789,1359.0204154016908,1198.8321458305363,0.7900240180761432,1.2022836480043813,0.8767133118975695,1
30/01/2023UdineseVerona,Udinese,Verona,30/01/2023,1.94,1.88,4.35,1.84,19.0,8,18,1,2,0,0,1.4210526315789473,0.8947368421052632,1.105263157894737,1.631578947368421,1.0,1.2,1.4,0.8,1.8888888888888888,0.6666666666666666,1.3333333333333333,0.5263157894736842,0.42105263157894735,1074.1756593419511,955.0716894530212,0.7481123392146605,1.0407424598706057,1.0110302073955035,0
04/02/2023CremoneseLecce,Cremonese,Lecce,04/02/2023,2.39,1.59,2.86,2.68,20.0,20,15,1,1,2,2,0.75,0.95,1.75,1.2,0.8,1.0,1.8,1.4,2.0,1.3333333333333333,1.0,0.45,0.35,907.9062862285715,969.3794048005016,0.512268705635328,0.9529881705703506,1.017834689482027,0
04/02/2023RomaEmpoli,Roma,Empoli,04/02/2023,1.98,1.85,7.13,1.5,20.0,7,11,1,2,2,2,1.3,0.95,0.9,1.2,1.6,1.4,0.8,1.0,2.5714285714285716,1.6666666666666667,1.3333333333333333,0.4,0.3,1190.433106553582,1076.6655391463044,0.7422796837829387,0.882782675036627,0.9826799413148342,0
04/02/2023SassuoloAtalanta,Sassuolo,Atalanta,04/02/2023,1.59,2.39,1.95,3.71,20.0,16,4,5,2,2,0,1.15,1.95,1.55,1.15,1.6,3.4,1.8,1.6,3.8461538461538463,2.0,4.333333333333333,0.6,0.5,1019.5826990508715,1159.1954950731727,0.4011385318223007,1.1527964982731167,1.2590683258831465,0
05/02/2023SpeziaNapoli,Spezia,Napoli,05/02/2023,1.67,2.23,1.36,8.77,20.0,17,1,0,2,2,1,0.85,2.4,1.6,0.75,0.6,2.2,1.2,0.6,2.6,0.3333333333333333,3.0,0.5,0.6,954.6849071388041,1367.419454678645,0.12207359696399779,0.978738188846866,1.2106068888595878,1
05/02/2023TorinoUdinese,Torino,Udinese,05/02/2023,2.18,1.7,3.34,2.32,20.0,9,8,2,1,2,1,1.05,1.4,1.1,1.1,1.0,0.8,1.0,1.0,2.6153846153846154,1.0,1.0,0.4,0.5,1075.618456337405,1064.2511657733646,0.6150020936231425,0.8639678353845754,1.0282689421060855,0
05/02/2023FiorentinaBologna,Fiorentina,Bologna,05/02/2023,2.07,1.78,4.6,1.84,20.0,13,10,1,2,1,0,1.1,1.3,1.3,1.5,0.8,1.2,1.2,1.0,2.230769230769231,0.3333333333333333,1.6666666666666667,0.4,0.55,1062.6505344128948,1045.5084728440263,0.6228423177346886,0.9643889936361285,1.022109123790386,1
05/02/2023InterMilan,Inter,Milan,05/02/2023,1.83,2.01,3.87,1.99,20.0,2,7,2,2,1,5,2.0,1.85,1.3,1.45,1.2,1.6,0.8,2.8,3.3076923076923075,1.0,1.3333333333333333,0.7,0.75,1259.586399475844,1222.6870942979062,0.6491629439123043,1.230626852888559,1.1785936186039718,0
06/02/2023VeronaLazio,Verona,Lazio,06/02/2023,2.05,1.78,2.02,3.82,20.0,18,4,1,1,1,1,0.9,1.8,1.6,0.8,1.2,2.0,0.6,1.0,3.111111111111111,1.0,2.3333333333333335,0.4,0.55,964.9961830216076,1191.2748899900903,0.2891301244531429,0.9989127972400822,1.1431265573916947,0
06/02/2023MonzaSampdoria,Monza,Sampdoria,06/02/2023,2.12,1.74,4.71,1.83,20.0,12,19,2,0,0,2,1.25,0.4,1.4,1.7,1.8,0.4,1.2,1.4,3.0,2.0,0.0,0.5,0.35,1054.0634456867404,875.3933335146894,0.8071287350858646,1.0153588629073902,0.8589512164866494,1
07/02/2023SalernitanaJuventus,Salernitana,Juventus,07/02/2023,1.97,1.87,1.5,7.07,20.0,16,6,2,0,1,2,1.25,1.5,1.9,0.85,1.2,1.2,2.8,2.0,2.6666666666666665,1.3333333333333333,1.3333333333333333,0.65,0.35,989.2191931588495,1197.1424752452538,0.3113211077075206,1.1922347251543857,0.9442211546502598,1
10/02/2023MilanTorino,Milan,Torino,10/02/2023,2.18,1.71,4.81,1.83,21.0,7,8,0,1,1,0,1.7619047619047619,1.0476190476190477,1.4285714285714286,1.0476190476190477,1.2,1.0,2.8,0.8,2.3076923076923075,0.6666666666666666,1.3333333333333333,0.7142857142857143,0.38095238095238093,1208.6536120543983,1091.0183725924792,0.7465157952204512,1.135915817724217,0.8402196080431823,0
11/02/2023EmpoliSpezia,Empoli,Spezia,11/02/2023,2.05,1.79,3.77,2.05,21.0,12,17,0,0,2,3,0.9047619047619048,0.8095238095238095,1.2380952380952381,1.6666666666666667,1.2,0.2,1.2,1.4,1.0,1.0,0.0,0.2857142857142857,0.5238095238095238,1066.3567264976218,949.8019632602442,0.7453370340781886,0.978857209559482,0.9793631979365749,1
11/02/2023LecceRoma,Lecce,Roma,11/02/2023,2.44,1.57,1.98,4.24,21.0,14,5,2,2,0,0,1.0,1.3333333333333333,1.1428571428571428,0.8571428571428571,1.0,1.8,1.2,0.8,2.6666666666666665,1.0,1.6666666666666667,0.3333333333333333,0.38095238095238093,989.8701530259146,1200.7419192022646,0.30769382952789703,1.008916193748193,0.8793485545025068,0
11/02/2023LazioAtalanta,Lazio,Atalanta,11/02/2023,1.86,1.98,2.98,2.4,21.0,6,7,1,0,1,1,1.7619047619047619,1.8571428571428572,0.8095238095238095,1.1428571428571428,2.0,3.0,0.8,1.4,3.769230769230769,2.0,1.6666666666666667,0.5238095238095238,0.47619047619047616,1182.840094968216,1135.2410363460647,0.6630586567291684,1.1260137649643596,1.2134640254389764,0
12/02/2023UdineseSassuolo,Udinese,Sassuolo,12/02/2023,1.79,2.05,3.66,2.05,21.0,9,15,0,1,1,0,1.3333333333333333,1.1428571428571428,1.0952380952380953,1.4761904761904763,0.6,1.6,1.0,1.4,2.076923076923077,0.6666666666666666,2.3333333333333335,0.47619047619047616,0.5714285714285714,1048.8512495182904,1043.5371577779795,0.6067193292850366,1.0000045049301813,1.1110414348047712,1
12/02/2023BolognaMonza,Bologna,Monza,12/02/2023,2.13,1.73,3.39,2.23,21.0,10,12,2,2,1,2,1.3333333333333333,1.2857142857142858,1.4761904761904763,1.4285714285714286,1.6,2.0,1.0,1.4,3.0,1.6666666666666667,1.6666666666666667,0.5714285714285714,0.5238095238095238,1070.4221655534138,1041.7782962833057,0.6382645611344452,1.033219226256069,1.057727757412967,0
12/02/2023JuventusFiorentina,Juventus,Fiorentina,12/02/2023,2.05,1.79,4.39,1.85,21.0,4,14,3,1,0,2,1.5714285714285714,1.0952380952380953,0.8095238095238095,1.3333333333333333,1.6,0.8,2.0,1.4,2.1538461538461537,2.0,0.6666666666666666,0.38095238095238093,0.42857142857142855,1209.5953195535546,1037.7368417035073,0.8009510905849649,0.9473357574056431,0.97487169092029,0
12/02/2023NapoliCremonese,Napoli,Cremonese,12/02/2023,1.45,2.76,15.53,1.18,21.0,1,20,3,0,0,2,2.4285714285714284,0.7142857142857143,0.7142857142857143,1.7619047619047619,2.8,0.8,0.4,2.0,5.0,2.3333333333333335,0.6666666666666666,0.6190476190476191,0.42857142857142855,1372.302398557205,887.4155380031584,0.9606148812898202,1.2113799661934688,0.9446378745729217,1
13/02/2023VeronaSalernitana,Verona,Salernitana,13/02/2023,2.01,1.83,4.56,1.85,21.0,18,16,1,0,1,3,0.9047619047619048,1.1904761904761905,1.5714285714285714,1.9523809523809523,1.2,1.0,0.6,3.0,3.3333333333333335,1.3333333333333333,0.6666666666666666,0.38095238095238093,0.6666666666666666,973.4309780434819,976.7663488505488,0.5947778293408359,0.9839589085025284,1.196167424121933,0
13/02/2023SampdoriaInter,Sampdoria,Inter,13/02/2023,1.85,1.98,1.43,7.69,21.0,19,3,2,1,2,0,0.47619047619047616,1.9523809523809523,1.7142857142857142,1.2380952380952381,0.4,1.2,1.6,0.8,3.3846153846153846,0.6666666666666666,1.0,0.38095238095238093,0.6666666666666666,887.678482918124,1273.619881719352,0.13958934872838677,0.8947935327417635,1.1860648877159774,0
17/02/2023SassuoloNapoli,Sassuolo,Napoli,17/02/2023,1.73,2.13,1.62,5.41,22.0,15,1,2,3,2,0,1.1818181818181819,2.4545454545454546,1.5,0.6818181818181818,1.8,3.0,1.4,0.4,3.3846153846153846,2.6666666666666665,2.6666666666666665,0.5909090909090909,0.6363636363636364,1047.805930949381,1373.8778033056121,0.18632505648194955,1.1354890026717417,1.214327370957435,0
18/02/2023SampdoriaBologna,Sampdoria,Bologna,18/02/2023,2.35,1.61,2.39,3.24,22.0,19,11,0,0,0,1,0.45454545454545453,1.2727272727272727,1.6363636363636365,1.4545454545454546,0.4,1.4,1.2,0.8,2.923076923076923,0.6666666666666666,1.3333333333333333,0.36363636363636365,0.5454545454545454,902.0949089689885,1044.891583108036,0.3967437779975011,0.8500538561046753,1.000466722114624,1
18/02/2023MonzaMilan,Monza,Milan,18/02/2023,2.06,1.78,2.1,3.71,22.0,10,6,1,1,0,0,1.2727272727272727,1.7272727272727273,1.3636363636363635,1.3636363636363635,1.8,1.0,1.0,2.4,5.0,1.6666666666666667,1.0,0.5,0.6818181818181818,1067.3088787286836,1218.7929802455803,0.3848387072699023,1.024198345769398,1.102923327556706,0
18/02/2023InterUdinese,Inter,Udinese,18/02/2023,1.76,2.1,6.3,1.52,22.0,3,8,0,2,0,2,1.8636363636363635,1.3636363636363635,1.1818181818181819,1.1363636363636365,0.8,1.0,0.4,1.2,2.8461538461538463,1.0,1.0,0.6363636363636364,0.5,1259.2034556684873,1044.5824763468888,0.8373184779473392,1.1267616433301786,1.022008794991472,1
19/02/2023AtalantaLecce,Atalanta,Lecce,19/02/2023,1.83,2.0,6.67,1.5,22.0,5,13,2,1,0,1,1.8636363636363635,1.0,1.0909090909090908,1.1363636363636365,3.0,1.2,1.2,1.4,5.333333333333333,1.3333333333333333,1.3333333333333333,0.45454545454545453,0.3181818181818182,1161.7633826152314,997.5623998447987,0.7938301584073432,1.1883143685894761,1.0039586034877543,1
19/02/2023FiorentinaEmpoli,Fiorentina,Empoli,19/02/2023,1.84,2.0,5.44,1.62,22.0,14,12,0,2,1,2,1.0454545454545454,0.9545454545454546,1.3181818181818181,1.2727272727272727,0.4,1.2,1.4,1.2,2.2857142857142856,0.6666666666666666,1.3333333333333333,0.4090909090909091,0.3181818181818182,1029.7748853269059,1056.5432451344943,0.5618962145009981,0.9472399453855798,1.0116000813701547,0
19/02/2023SalernitanaLazio,Salernitana,Lazio,19/02/2023,1.9,1.92,1.68,5.14,22.0,16,7,0,0,1,2,1.1363636363636365,1.6818181818181819,1.9090909090909092,0.8636363636363636,0.8,1.6,3.0,0.8,3.3333333333333335,0.6666666666666666,0.6666666666666666,0.6363636363636364,0.5,960.5574620241822,1156.3177486990492,0.32652718954662757,1.1566851049767277,1.1026765590785708,0
19/02/2023SpeziaJuventus,Spezia,Juventus,19/02/2023,2.04,1.8,1.62,5.81,22.0,17,3,2,1,2,0,0.8636363636363636,1.5454545454545454,1.6818181818181819,0.7727272727272727,0.6,1.6,1.8,2.0,3.2,0.6666666666666666,1.3333333333333333,0.5454545454545454,0.36363636363636365,959.6154446233717,1217.557275930156,0.2531503810699049,1.0121229951091972,0.9204844898712934,0
19/02/2023RomaVerona,Roma,Verona,19/02/2023,2.23,1.67,6.02,1.63,22.0,6,18,1,1,1,0,1.3181818181818181,0.9090909090909091,0.8636363636363636,1.5,1.6,1.0,0.6,0.6,3.111111111111111,1.3333333333333333,1.0,0.36363636363636365,0.36363636363636365,1193.0496723833805,989.6398648698485,0.8283350865867851,0.8750276308654933,0.9514810305166915,0
20/02/2023TorinoCremonese,Torino,Cremonese,20/02/2023,2.12,1.74,5.47,1.67,22.0,10,20,0,0,1,3,1.0,0.6818181818181818,1.0454545454545454,1.8181818181818181,0.8,0.8,0.8,2.2,3.0,1.0,0.3333333333333333,0.36363636363636365,0.45454545454545453,1080.8790044012972,885.8401332547512,0.8213743038870949,0.8158155661904569,0.9469362699975118,1
25/02/2023EmpoliNapoli,Empoli,Napoli,25/02/2023,1.66,2.22,1.45,6.86,23.0,12,1,1,2,1,0,0.9565217391304348,2.4347826086956523,1.2608695652173914,0.6521739130434783,1.2,2.4,1.4,0.2,3.4285714285714284,1.0,2.6666666666666665,0.30434782608695654,0.6086956521739131,1059.0190937145342,1381.3308055648902,0.1896289492196894,1.003248026191321,1.1888381159314751,0
25/02/2023LecceSassuolo,Lecce,Sassuolo,25/02/2023,2.13,1.73,2.96,2.54,23.0,13,15,2,0,1,2,1.0434782608695652,1.1304347826086956,1.1304347826086956,1.5217391304347827,1.2,1.8,1.2,1.4,3.6666666666666665,1.6666666666666667,1.0,0.34782608695652173,0.5652173913043478,1029.3156061810926,1040.352928690103,0.5840487660597568,1.0042523627063171,1.1116545989841653,0
26/02/2023BolognaInter,Bologna,Inter,26/02/2023,1.98,1.85,1.73,4.96,23.0,8,3,2,3,1,1,1.3043478260869565,1.9130434782608696,1.434782608695652,1.173913043478261,1.4,1.2,0.8,0.6,3.076923076923077,1.3333333333333333,1.3333333333333333,0.5652173913043478,0.6521739130434783,1060.761334227936,1265.7107165505938,0.31500326022356967,1.0210271491070881,1.148700774033122,0
26/02/2023SalernitanaMonza,Salernitana,Monza,26/02/2023,2.01,1.82,2.13,3.53,23.0,16,11,0,0,2,1,1.0869565217391304,1.2173913043478262,1.9130434782608696,1.3478260869565217,0.4,1.2,1.8,0.8,3.0,0.0,1.0,0.6086956521739131,0.4782608695652174,947.4963744423171,1051.9153304378874,0.4506285458149641,1.1351262195729028,0.9911220552710203,1
26/02/2023UdineseSpezia,Udinese,Spezia,26/02/2023,1.85,1.98,5.29,1.65,23.0,10,17,1,0,3,2,1.3478260869565217,0.8260869565217391,1.2173913043478262,1.6956521739130435,1.0,0.4,1.4,2.2,2.2,1.0,0.6666666666666666,0.5217391304347826,0.5217391304347826,1038.0752154647823,949.4894293805755,0.713591829285144,1.0419082871916208,1.0049722217779429,1
26/02/2023MilanAtalanta,Milan,Atalanta,26/02/2023,1.89,1.94,3.42,2.19,23.0,5,7,1,1,0,2,1.6956521739130435,1.826086956521739,1.3043478260869565,1.1304347826086956,0.8,1.6,2.0,1.2,2.6923076923076925,0.6666666666666666,1.0,0.6521739130434783,0.4782608695652174,1234.1865285363765,1130.0101762789377,0.731577254693246,1.067304628766192,1.1886620704758997,0
27/02/2023VeronaFiorentina,Verona,Fiorentina,27/02/2023,2.18,1.69,2.29,3.27,23.0,18,15,0,1,1,1,0.8695652173913043,1.0434782608695652,1.4782608695652173,1.3043478260869565,1.0,0.6,0.6,1.2,2.6666666666666665,0.6666666666666666,0.6666666666666666,0.34782608695652173,0.391304347826087,982.7732683333198,1027.299036746866,0.5365948126341219,0.9267634000849176,0.9394192656158231,1
27/02/2023LazioSampdoria,Lazio,Sampdoria,27/02/2023,1.95,1.87,7.98,1.43,23.0,6,19,2,1,0,2,1.6956521739130435,0.4782608695652174,0.8260869565217391,1.6521739130434783,1.6,0.6,0.8,1.4,3.6923076923076925,1.0,1.0,0.4782608695652174,0.391304347826087,1169.3788362809144,886.2251578490885,0.8842099593919921,1.0821243124278825,0.8675231730362389,0
28/02/2023CremoneseRoma,Cremonese,Roma,28/02/2023,2.37,1.61,1.77,5.25,23.0,20,6,2,1,2,0,0.7391304347826086,1.3043478260869565,1.826086956521739,0.8260869565217391,0.8,1.4,2.0,0.6,1.0,0.6666666666666666,1.3333333333333333,0.4782608695652174,0.34782608695652173,898.695105410235,1199.916268919909,0.20899135479058625,0.9976508361959533,0.8522961113673286,1
28/02/2023JuventusTorino,Juventus,Torino,28/02/2023,2.49,1.55,5.28,1.78,23.0,2,10,2,2,0,2,1.565217391304348,1.0434782608695652,0.7391304347826086,1.0869565217391304,1.8,1.2,1.0,1.0,2.3846153846153846,2.0,1.0,0.34782608695652173,0.391304347826087,1227.6832911729523,1068.0240322458133,0.7895184106763113,0.9139811538401872,0.8595077700358051,1
03/03/2023NapoliLazio,Napoli,Lazio,03/03/2023,1.93,1.91,5.49,1.66,24.0,1,5,2,1,0,0,2.4166666666666665,1.6666666666666667,0.625,0.7916666666666666,2.4,1.0,0.2,0.8,3.4615384615384617,2.3333333333333335,1.0,0.5833333333333334,0.4583333333333333,1388.9159635336778,1174.0104379052348,0.8375414742001744,1.1692667097080267,1.0510722360175506,0
04/03/2023MonzaEmpoli,Monza,Empoli,04/03/2023,2.09,1.77,3.84,2.11,24.0,11,13,0,0,3,2,1.1666666666666667,0.9166666666666666,1.4166666666666667,1.2916666666666667,1.0,1.0,1.2,1.8,1.0,0.3333333333333333,1.0,0.5,0.2916666666666667,1029.940472270486,1051.4339357457466,0.5693564744329521,0.9944235105176924,0.9867319216011862,1
04/03/2023AtalantaUdinese,Atalanta,Udinese,04/03/2023,1.75,2.1,5.01,1.66,24.0,7,9,0,2,2,2,1.75,1.375,1.1666666666666667,1.25,1.0,1.2,1.0,1.8,3.923076923076923,1.0,1.6666666666666667,0.4583333333333333,0.5416666666666666,1119.2732664666676,1029.5315422933766,0.7149498523137912,1.166706552003188,1.0694170631433582,0
04/03/2023FiorentinaMilan,Fiorentina,Milan,04/03/2023,2.13,1.73,2.56,2.86,24.0,12,5,3,2,0,0,1.125,1.7083333333333333,1.25,1.25,1.2,1.2,1.0,1.2,2.8461538461538463,1.3333333333333333,1.3333333333333333,0.4166666666666667,0.625,1048.7628292522309,1244.9234383486466,0.32602062911910995,0.9571897455065063,1.0475906771941486,1
05/03/2023SpeziaVerona,Spezia,Verona,05/03/2023,2.25,1.66,2.82,2.73,24.0,17,18,2,0,2,3,0.875,0.8333333333333334,1.7083333333333333,1.5416666666666667,0.8,0.6,2.2,1.2,2.6,1.3333333333333333,0.3333333333333333,0.5416666666666666,0.375,958.0331025519813,961.309475827955,0.5948596802527486,1.0315058006221285,0.9442944758967748,0
05/03/2023SampdoriaSalernitana,Sampdoria,Salernitana,05/03/2023,2.19,1.69,3.27,2.31,24.0,20,16,0,3,1,0,0.4583333333333333,1.1666666666666667,1.625,1.8333333333333333,0.6,1.0,1.4,1.4,3.0,0.3333333333333333,1.0,0.375,0.625,881.5935562247682,969.4712326097185,0.4742946384775389,0.8426291792986663,1.1389073567126866,0
05/03/2023InterLecce,Inter,Lecce,05/03/2023,1.88,1.94,9.29,1.36,24.0,4,14,0,0,1,1,1.8333333333333333,1.0,1.1666666666666667,1.125,1.2,1.2,0.6,1.0,3.0,1.0,1.0,0.625,0.3333333333333333,1238.3108469595365,1005.9536555387023,0.8507515672646753,1.110853853059276,0.9720309443719791,0
05/03/2023RomaJuventus,Roma,Juventus,05/03/2023,2.45,1.56,2.87,2.68,24.0,6,2,1,4,2,2,1.2916666666666667,1.6666666666666667,0.875,0.7916666666666666,1.2,2.0,1.0,0.8,2.4615384615384617,1.0,2.3333333333333335,0.375,0.375,1168.2759231115324,1236.1025547458999,0.5031276877040407,0.8698225875211127,1.0078968898515566,0
06/03/2023SassuoloCremonese,Sassuolo,Cremonese,06/03/2023,1.94,1.88,4.37,1.83,24.0,15,19,1,2,0,1,1.125,0.7916666666666666,1.4583333333333333,1.7916666666666667,1.8,1.0,1.2,2.0,0.0,1.0,1.3333333333333333,0.5416666666666666,0.5,1063.7148793324932,930.3354512186115,0.763279850057851,1.0759871819012399,1.0181663628505802,1
06/03/2023TorinoBologna,Torino,Bologna,06/03/2023,2.4,1.57,3.41,2.37,24.0,12,8,2,1,4,0,1.0833333333333333,1.2916666666666667,1.2083333333333333,1.375,1.4,1.4,1.8,0.6,2.6923076923076925,1.3333333333333333,1.0,0.4166666666666667,0.5416666666666666,1059.6047686728657,1088.1612038189933,0.5593608082195444,0.94782611718251,0.9873867662520026,0
10/03/2023SpeziaInter,Spezia,Inter,10/03/2023,1.73,2.13,1.42,7.7,25.0,17,3,0,2,0,0,0.84,1.84,1.64,1.12,0.8,1.2,1.8,0.4,2.8,0.6666666666666666,1.6666666666666667,0.52,0.6,954.2387153418714,1244.2807842689494,0.21982886033997656,0.979930510591022,1.0964621137083632,1
11/03/2023EmpoliUdinese,Empoli,Udinese,11/03/2023,1.97,1.85,2.45,3.02,25.0,14,10,1,0,2,0,0.92,1.32,1.32,1.2,0.8,1.0,1.8,1.6,3.142857142857143,0.6666666666666666,1.0,0.32,0.52,1034.2081947230647,1038.1295363859283,0.5939645904549842,0.9977317911873139,1.0159462099861902,0
11/03/2023NapoliAtalanta,Napoli,Atalanta,11/03/2023,1.78,2.06,5.05,1.67,25.0,1,7,0,0,1,0,2.32,1.68,0.64,1.12,2.0,0.6,0.2,1.0,3.3076923076923075,1.3333333333333333,0.3333333333333333,0.56,0.44,1355.4143045656708,1110.6752723741158,0.8595772893678154,1.1298315621193762,1.1083712244030286,0
11/03/2023BolognaLazio,Bologna,Lazio,11/03/2023,2.28,1.64,2.46,3.08,25.0,8,4,0,1,1,0,1.24,1.64,1.36,0.76,1.0,1.0,0.8,0.6,2.8461538461538463,1.0,1.3333333333333333,0.52,0.44,1070.535636147775,1207.5120968732417,0.40478960732948127,0.959118344697691,1.0156233615994674,0
12/03/2023LecceTorino,Lecce,Torino,12/03/2023,2.7,1.47,2.67,2.98,25.0,15,10,0,1,2,0,0.96,1.08,1.16,1.16,1.0,1.2,1.0,1.4,2.6666666666666665,0.6666666666666666,1.6666666666666667,0.32,0.4,999.9837182292893,1077.230336344084,0.4895727902375041,0.959437734244565,0.9206902985180503,0
12/03/2023CremoneseFiorentina,Cremonese,Fiorentina,12/03/2023,1.98,1.84,1.86,4.34,25.0,19,12,2,2,3,1,0.84,1.16,1.84,1.24,1.2,1.4,2.2,1.0,5.0,2.0,2.0,0.52,0.44,920.8666452209255,1075.7220040874665,0.3802548378297396,1.0601959548263693,0.9666045365406282,0
12/03/2023VeronaMonza,Verona,Monza,12/03/2023,2.26,1.65,3.01,2.52,25.0,18,11,0,2,0,1,0.8,1.2,1.48,1.4,0.4,1.0,1.0,1.4,2.0,0.0,0.6666666666666666,0.36,0.52,965.1038630380649,1047.1662132931679,0.48264785384925774,0.897079752101936,1.005509124238716,0
12/03/2023RomaSassuolo,Roma,Sassuolo,12/03/2023,2.03,1.8,5.32,1.69,25.0,5,13,1,3,0,2,1.28,1.2,0.84,1.48,1.2,1.4,0.6,1.2,3.076923076923077,1.0,1.3333333333333333,0.36,0.56,1188.1508156033708,1073.183685330179,0.7435984482900276,0.8461747577934423,1.1204035993714416,1
12/03/2023JuventusSampdoria,Juventus,Sampdoria,12/03/2023,1.98,1.84,9.97,1.35,25.0,2,20,0,0,1,0,1.6,0.44,0.8,1.56,2.0,0.6,0.6,1.0,2.923076923076923,2.0,0.3333333333333333,0.36,0.36,1216.2276622540614,882.6217706856667,0.9107918736094729,0.9804952399332855,0.800497720333733,1
13/03/2023MilanSalernitana,Milan,Salernitana,13/03/2023,1.65,2.22,11.74,1.26,25.0,5,16,1,0,2,0,1.68,1.12,1.28,1.76,1.0,0.6,0.6,1.2,3.0,1.3333333333333333,1.0,0.64,0.6,1217.964263513411,968.4430181488201,0.8628673352632971,1.057894639769362,1.0819619888770522,0
17/03/2023SassuoloSpezia,Sassuolo,Spezia,17/03/2023,1.71,2.16,4.62,1.75,26.0,13,17,4,2,3,1,1.3076923076923077,0.8846153846153846,1.5384615384615385,1.6153846153846154,2.0,1.2,1.8,1.4,4.2,2.6666666666666665,1.3333333333333333,0.5769230769230769,0.5384615384615384,1102.9276232617801,985.4455609282724,0.7463489038394754,1.2298338759552203,0.9856554380417959,0
17/03/2023AtalantaEmpoli,Atalanta,Empoli,17/03/2023,1.68,2.21,7.47,1.42,26.0,7,14,0,0,2,1,1.6153846153846154,0.8846153846153846,1.1538461538461537,1.3076923076923077,0.6,0.8,1.2,1.6,2.4285714285714284,0.0,0.3333333333333333,0.4230769230769231,0.3076923076923077,1105.0583639488284,1010.4496111048653,0.7206250454050662,1.0883561705207025,0.967531283236808,1
18/03/2023MonzaCremonese,Monza,Cremonese,18/03/2023,2.05,1.79,4.45,1.84,26.0,13,19,1,0,1,2,1.1923076923076923,0.8076923076923077,1.3846153846153846,1.8461538461538463,0.8,1.2,1.2,2.2,5.0,1.0,1.3333333333333333,0.5,0.5,1046.472127447138,905.656451707736,0.7709269336017335,0.9998227916874987,1.0485681271543779,0
18/03/2023SalernitanaBologna,Salernitana,Bologna,18/03/2023,2.21,1.68,2.23,3.43,26.0,16,9,1,0,1,0,1.1153846153846154,1.1923076923076923,1.7307692307692308,1.3076923076923077,0.8,0.6,0.8,0.6,3.0,1.3333333333333333,0.3333333333333333,0.5769230769230769,0.5,982.957711559352,1074.3440518545958,0.46926139530828603,1.0656748381763754,0.9111624274628064,1
18/03/2023UdineseMilan,Udinese,Milan,18/03/2023,1.97,1.85,2.16,3.43,26.0,11,5,1,1,0,1,1.3076923076923077,1.6538461538461537,1.1538461538461537,1.2692307692307692,1.2,1.2,1.4,0.6,2.5384615384615383,1.0,1.3333333333333333,0.5,0.6153846153846154,1061.8881200041276,1203.449570102879,0.39844684021694643,0.9851943667924776,1.0419697832582342,1
19/03/2023SampdoriaVerona,Sampdoria,Verona,19/03/2023,2.39,1.58,2.56,3.01,26.0,20,18,2,1,4,1,0.5,0.8076923076923077,1.6538461538461537,1.4615384615384615,0.6,0.4,1.4,1.0,2.5555555555555554,0.6666666666666666,0.3333333333333333,0.38461538461538464,0.34615384615384615,879.0534456300455,965.7979488840946,0.4759213624797326,0.882859965954896,0.8920066068937538,1
19/03/2023FiorentinaLecce,Fiorentina,Lecce,19/03/2023,2.1,1.75,5.86,1.62,26.0,12,15,2,0,0,2,1.1923076923076923,0.9230769230769231,1.1923076923076923,1.1923076923076923,1.6,0.6,0.6,1.4,2.3333333333333335,2.3333333333333335,0.0,0.4230769230769231,0.3076923076923077,1090.932197600656,980.4008066197891,0.738699905846975,0.9560031840956451,0.9549115100579268,0
19/03/2023TorinoNapoli,Torino,Napoli,19/03/2023,2.24,1.66,1.79,4.89,26.0,9,1,2,2,0,0,1.1153846153846154,2.3076923076923075,1.1153846153846154,0.6153846153846154,1.4,1.8,1.4,0.2,2.923076923076923,1.6666666666666667,1.3333333333333333,0.38461538461538464,0.5384615384615384,1096.813247953584,1361.0312129909582,0.24638087731278852,0.9163468684560289,1.1094289757873899,1
19/03/2023LazioRoma,Lazio,Roma,19/03/2023,2.52,1.53,2.76,2.82,26.0,4,6,0,3,0,4,1.5769230769230769,1.3461538461538463,0.7307692307692307,0.9615384615384616,0.8,1.4,0.4,1.4,2.6153846153846154,0.6666666666666666,1.6666666666666667,0.4230769230769231,0.38461538461538464,1203.703681166421,1158.4068776717697,0.6600914449082691,0.964842193519494,0.9288209915573257,0
19/03/2023InterJuventus,Inter,Juventus,19/03/2023,2.11,1.75,4.01,1.98,26.0,3,2,1,4,2,2,1.8076923076923077,1.6923076923076923,1.1538461538461537,0.8461538461538461,1.2,2.2,0.8,1.0,2.230769230769231,1.0,2.6666666666666665,0.6153846153846154,0.38461538461538464,1213.0739386825485,1219.7959873096825,0.590070582549555,1.1028678394059095,1.0813772133986175,0
01/04/2023CremoneseAtalanta,Cremonese,Atalanta,01/04/2023,1.81,2.02,1.67,5.19,27.0,20,7,1,2,1,1,0.8148148148148148,1.6296296296296295,1.8148148148148149,1.1481481481481481,1.4,0.6,1.8,1.4,2.0,1.0,0.6666666666666666,0.48148148148148145,0.4444444444444444,916.4935290518054,1116.2333621326256,0.3215096900935116,1.036146810385493,1.095951860720284,1
01/04/2023InterFiorentina,Inter,Fiorentina,01/04/2023,1.78,2.04,4.62,1.77,27.0,4,9,0,1,1,0,1.7407407407407407,1.1851851851851851,1.1481481481481481,1.1481481481481481,1.2,1.8,1.0,0.4,4.076923076923077,1.0,1.6666666666666667,0.5925925925925926,0.4074074074074074,1189.4711153805663,1101.384201366777,0.7130045477713358,1.0662193812590695,0.9291473739633614,0
01/04/2023JuventusVerona,Juventus,Verona,01/04/2023,2.14,1.72,8.79,1.42,27.0,2,18,1,1,0,3,1.6666666666666667,0.8148148148148148,0.8148148148148148,1.5185185185185186,2.2,0.4,1.0,1.6,2.5555555555555554,1.6666666666666667,0.6666666666666666,0.37037037037037035,0.37037037037037035,1243.3988106116647,944.8348033832839,0.8929873126238062,1.0454428918687286,0.9380208735236525,0
02/04/2023BolognaUdinese,Bologna,Udinese,02/04/2023,2.09,1.76,3.28,2.27,27.0,10,9,2,3,2,1,1.2222222222222223,1.3703703703703705,1.3333333333333333,1.1481481481481481,1.0,1.4,0.8,1.2,2.5384615384615383,0.6666666666666666,1.3333333333333333,0.5185185185185185,0.5185185185185185,1073.1145076669272,1085.9502463954498,0.5815316015213217,0.9406741089358129,1.0127123067740387,1
02/04/2023MonzaLazio,Monza,Lazio,02/04/2023,2.28,1.64,2.08,3.8,27.0,13,3,1,1,1,0,1.1851851851851851,1.5555555555555556,1.3703703703703705,0.7037037037037037,0.8,1.0,1.4,0.0,1.0,1.3333333333333333,0.6666666666666666,0.48148148148148145,0.4074074074074074,1035.6350501030688,1217.3000233700902,0.34461494132389814,0.9879789111739794,0.9381327582574196,0
02/04/2023SpeziaSalernitana,Spezia,Salernitana,02/04/2023,2.11,1.74,3.12,2.36,27.0,17,16,0,2,1,2,0.8518518518518519,1.1481481481481481,1.5925925925925926,1.7407407407407407,0.8,1.2,1.2,1.0,2.6666666666666665,0.6666666666666666,1.0,0.5185185185185185,0.5925925925925926,975.2995170818514,984.1872557470206,0.5870516921192989,0.9526350251387748,1.1001910291760781,0
02/04/2023RomaSampdoria,Roma,Sampdoria,02/04/2023,2.05,1.79,8.26,1.44,27.0,7,19,0,3,1,1,1.2962962962962963,0.5925925925925926,0.9629629629629629,1.6296296296296295,1.2,1.2,1.4,1.6,2.230769230769231,1.3333333333333333,1.6666666666666667,0.37037037037037035,0.4074074074074074,1144.8105354681004,900.0165911308562,0.8596154395865626,0.9031087203582792,0.9284024020269538,1
02/04/2023NapoliMilan,Napoli,Milan,02/04/2023,2.02,1.82,4.83,1.76,27.0,1,6,4,1,0,3,2.3703703703703702,1.6296296296296295,0.5925925925925926,1.3333333333333333,2.0,1.2,0.2,1.2,2.5384615384615383,2.0,1.0,0.5555555555555556,0.6296296296296297,1370.8864480834698,1179.387443711557,0.8183650007095984,1.1412607118005107,1.0710735448354054,1
03/04/2023EmpoliLecce,Empoli,Lecce,03/04/2023,2.35,1.6,3.12,2.47,27.0,14,16,1,0,2,1,0.8888888888888888,0.8888888888888888,1.3333333333333333,1.1851851851851851,0.6,0.4,1.6,1.4,2.0,0.6666666666666666,0.0,0.3333333333333333,0.2962962962962963,999.274612921068,969.9488028536681,0.6391704145912779,0.9742837307213059,0.9280863669685684,0
03/04/2023SassuoloTorino,Sassuolo,Torino,03/04/2023,2.1,1.75,2.99,2.46,27.0,12,11,1,0,0,4,1.2962962962962963,1.0740740740740742,1.4814814814814814,1.2222222222222223,1.8,1.4,1.4,2.0,3.1538461538461537,2.6666666666666665,1.0,0.5555555555555556,0.4074074074074074,1113.073667108201,1086.9580128610726,0.6348976736708378,1.1886332486174933,0.942638692673474,0
07/04/2023SalernitanaInter,Salernitana,Inter,07/04/2023,1.72,2.14,1.44,7.42,28.0,15,5,1,0,1,1,1.1428571428571428,1.6785714285714286,1.7142857142857142,1.1428571428571428,1.4,0.6,0.8,1.0,4.0,1.3333333333333333,0.3333333333333333,0.5714285714285714,0.5714285714285714,987.6693234317926,1160.950933469713,0.3555945940648571,1.087170276096982,1.03443352280875,0
07/04/2023LecceNapoli,Lecce,Napoli,07/04/2023,2.18,1.69,1.68,5.78,28.0,16,1,0,0,1,4,0.8571428571428571,2.2857142857142856,1.1785714285714286,0.7142857142857143,0.0,1.6,1.4,1.0,4.0,0.0,2.0,0.2857142857142857,0.5714285714285714,955.5156194373192,1338.1518480550858,0.1418901690011254,0.90220994965077,1.1588890924869404,1
07/04/2023MilanEmpoli,Milan,Empoli,07/04/2023,1.79,2.05,9.08,1.37,28.0,4,14,4,1,0,0,1.7142857142857142,0.8928571428571429,1.2857142857142858,1.2857142857142858,1.8,0.6,1.2,1.4,3.4285714285714284,2.0,0.6666666666666666,0.6428571428571429,0.32142857142857145,1212.1220437399409,1013.7077963374169,0.8242072994249257,1.087617785775527,0.9471192627371104,0
08/04/2023UdineseMonza,Udinese,Monza,08/04/2023,2.0,1.83,3.66,2.09,28.0,10,13,0,0,3,2,1.3214285714285714,1.1428571428571428,1.2142857142857142,1.3928571428571428,1.2,0.8,1.2,1.6,3.0,1.3333333333333333,0.6666666666666666,0.5357142857142857,0.4642857142857143,1069.2115104563027,1021.8504524501129,0.6627525048046354,1.0258607367598946,0.9812178541741449,1
08/04/2023FiorentinaSpezia,Fiorentina,Spezia,08/04/2023,1.79,2.04,7.97,1.42,28.0,8,17,1,1,0,1,1.1785714285714286,0.8571428571428571,1.1071428571428572,1.5714285714285714,1.8,1.0,0.2,1.0,3.2,1.3333333333333333,1.0,0.39285714285714285,0.5,1129.9043832776304,971.8174493970794,0.7880103772435753,0.9014478710023389,0.9413605963278804,0
08/04/2023AtalantaBologna,Atalanta,Bologna,08/04/2023,1.97,1.86,5.44,1.66,28.0,7,9,3,3,1,0,1.6785714285714286,1.2857142857142858,1.1428571428571428,1.2857142857142858,1.0,1.2,1.2,0.6,2.6153846153846154,1.6666666666666667,1.6666666666666667,0.4642857142857143,0.5357142857142857,1129.0937497363661,1089.8532436060743,0.6522261402480248,1.118363403685216,0.9528872395338296,0
08/04/2023SampdoriaCremonese,Sampdoria,Cremonese,08/04/2023,2.17,1.7,3.18,2.35,28.0,19,20,0,1,3,3,0.5714285714285714,0.8214285714285714,1.6785714285714286,1.8571428571428572,1.0,1.2,1.8,2.0,1.0,1.6666666666666667,0.6666666666666666,0.42857142857142855,0.5,894.4012087143187,903.6331414480649,0.5865712889261223,0.9484194656748638,1.0573353767734999,1
08/04/2023TorinoRoma,Torino,Roma,08/04/2023,2.67,1.47,2.39,3.38,28.0,11,6,1,3,1,0,1.0714285714285714,1.3571428571428572,1.2142857142857142,0.9285714285714286,1.2,1.6,1.8,1.4,3.076923076923077,1.0,2.0,0.39285714285714285,0.39285714285714285,1092.353919807906,1150.4259178846378,0.51715903363724,0.9291588538788863,0.9225804329442504,0
08/04/2023VeronaSassuolo,Verona,Sassuolo,08/04/2023,2.01,1.81,2.74,2.65,28.0,18,12,0,1,1,1,0.7857142857142857,1.2857142857142858,1.5,1.4642857142857142,0.4,2.0,1.6,1.2,3.4444444444444446,0.6666666666666666,2.0,0.35714285714285715,0.5357142857142857,940.5542958882361,1107.6777601613676,0.3637585971574601,0.9102504778776555,1.1716356601440048,1
08/04/2023LazioJuventus,Lazio,Juventus,08/04/2023,2.59,1.5,2.89,2.76,28.0,3,2,2,1,0,0,1.5714285714285714,1.6428571428571428,0.6785714285714286,0.7857142857142857,1.0,2.0,0.0,1.0,2.6153846153846154,1.0,2.0,0.39285714285714285,0.35714285714285715,1231.084621023046,1247.6793181067123,0.5762567640189011,0.931712814491157,1.0144922344239422,1
14/04/2023CremoneseEmpoli,Cremonese,Empoli,14/04/2023,2.05,1.78,2.94,2.51,29.0,19,14,3,0,2,0,0.896551724137931,0.8620689655172413,1.8620689655172413,1.2413793103448276,1.4,0.6,2.2,1.0,2.0,1.6666666666666667,0.6666666666666666,0.5172413793103449,0.3103448275862069,927.0959930051098,1026.6760883144138,0.4575333783851473,1.1099071861369745,0.8997632996002549,0
14/04/2023SpeziaLazio,Spezia,Lazio,14/04/2023,2.15,1.71,1.74,5.15,29.0,17,3,1,2,1,1,0.8620689655172413,1.5862068965517242,1.5517241379310345,0.6896551724137931,0.8,1.2,0.8,0.2,4.8,0.6666666666666666,1.6666666666666667,0.4827586206896552,0.41379310344827586,983.3378644868224,1248.0343504622901,0.24586977013926825,0.9386656259935873,0.9442700611777282,1
15/04/2023BolognaMilan,Bologna,Milan,15/04/2023,2.35,1.6,2.46,3.12,29.0,8,5,2,0,0,0,1.3103448275862069,1.6551724137931034,1.2413793103448276,1.2413793103448276,1.4,1.4,0.6,1.2,2.8461538461538463,2.3333333333333335,1.6666666666666667,0.5172413793103449,0.6206896551724138,1115.9422892159953,1199.1537517629438,0.48099633561679356,0.9410094270241472,1.0332368964867504,0
15/04/2023NapoliVerona,Napoli,Verona,15/04/2023,1.98,1.84,6.76,1.53,29.0,1,18,2,2,1,1,2.2758620689655173,0.8275862068965517,0.7241379310344828,1.4827586206896552,1.6,0.8,1.2,1.2,3.111111111111111,2.0,1.0,0.5862068965517241,0.3793103448275862,1343.8274548151307,966.0039520019377,0.9294242891822528,1.1674480055357441,0.9159484130377634,0
15/04/2023InterMonza,Inter,Monza,15/04/2023,1.8,2.04,7.69,1.44,29.0,6,13,1,2,1,2,1.6551724137931034,1.1724137931034482,1.1379310344827587,1.4137931034482758,0.8,1.2,1.0,1.4,4.0,0.3333333333333333,1.0,0.5517241379310345,0.4827586206896552,1155.174717232307,1028.3605526422984,0.7563835273689467,1.0195046112236523,1.0101402560134618,0
16/04/2023LecceSampdoria,Lecce,Sampdoria,16/04/2023,2.4,1.58,4.36,1.96,29.0,16,20,1,2,2,3,0.8620689655172413,0.6206896551724138,1.206896551724138,1.7241379310344827,0.2,1.4,1.6,2.2,2.3333333333333335,0.3333333333333333,1.6666666666666667,0.3103448275862069,0.4482758620689655,949.8400126772741,870.9383571572738,0.7020642010509952,0.9088731726985039,0.9955758632014625,0
16/04/2023TorinoSalernitana,Torino,Salernitana,16/04/2023,2.25,1.65,5.28,1.74,29.0,11,15,0,1,1,1,1.0344827586206897,1.1379310344827587,1.206896551724138,1.6896551724137931,0.8,1.0,1.2,1.0,2.3333333333333335,0.3333333333333333,1.3333333333333333,0.3793103448275862,0.5517241379310345,1071.6675584624165,993.4455396691983,0.701245217909229,0.9043792378498308,1.0714802693716305,0
16/04/2023SassuoloJuventus,Sassuolo,Juventus,16/04/2023,2.03,1.8,2.04,3.72,29.0,13,3,1,1,2,2,1.2758620689655173,1.6206896551724137,1.4827586206896552,0.8275862068965517,2.0,1.4,1.6,1.0,3.8461538461538463,1.0,1.0,0.5517241379310345,0.3793103448275862,1082.228104047666,1230.7295886674683,0.38891128877623343,1.1789697996858335,1.0281651484926724,0
16/04/2023RomaUdinese,Roma,Udinese,16/04/2023,2.29,1.63,4.56,1.88,29.0,4,10,1,2,0,2,1.3448275862068966,1.3448275862068966,0.896551724137931,1.2413793103448276,1.6,1.2,1.0,1.2,2.3076923076923075,1.3333333333333333,1.6666666666666667,0.3793103448275862,0.5517241379310345,1171.1122792301273,1062.7014102641172,0.7363368828258242,0.8979762559632729,1.0560990333150668,1
17/04/2023FiorentinaAtalanta,Fiorentina,Atalanta,17/04/2023,1.84,1.98,2.93,2.39,29.0,9,7,1,0,1,2,1.1724137931034482,1.6206896551724137,1.103448275862069,1.1724137931034482,1.4,1.0,0.4,1.2,2.3076923076923075,1.0,1.6666666666666667,0.3793103448275862,0.4482758620689655,1118.3839681878874,1103.0047041264452,0.6204556213941338,0.8988671646505544,1.104422918100414,0
21/04/2023VeronaBologna,Verona,Bologna,21/04/2023,2.69,1.48,2.85,2.78,30.0,18,8,0,1,0,1,0.8,1.3,1.4333333333333333,1.2333333333333334,0.8,1.6,1.2,0.6,2.4444444444444446,0.6666666666666666,2.0,0.36666666666666664,0.5,983.1809235692278,1116.7024357913235,0.4095903225064505,0.8701509923858752,0.9326722460480797,1
22/04/2023SalernitanaSassuolo,Salernitana,Sassuolo,22/04/2023,1.85,1.97,2.28,3.11,30.0,15,10,1,1,1,0,1.1333333333333333,1.2666666666666666,1.6666666666666667,1.4333333333333333,1.2,1.6,1.2,1.2,3.3333333333333335,1.0,1.0,0.5333333333333333,0.5333333333333333,1001.4953483855675,1106.6716524966166,0.4495494950447357,1.0621354888685253,1.1394734376299398,1
22/04/2023LazioTorino,Lazio,Torino,22/04/2023,2.56,1.51,4.88,1.85,30.0,2,12,3,1,0,1,1.6333333333333333,1.0333333333333334,0.6666666666666666,1.2,1.6,0.8,0.2,1.4,2.8461538461538463,2.3333333333333335,0.6666666666666666,0.43333333333333335,0.36666666666666664,1257.8691412678609,1063.6177497460474,0.8207082452333109,0.9609770835311677,0.896491807991483,0
22/04/2023SampdoriaSpezia,Sampdoria,Spezia,22/04/2023,2.1,1.74,2.91,2.54,30.0,20,18,1,0,1,3,0.6333333333333333,0.8333333333333334,1.7,1.6,1.6,0.8,2.4,1.4,2.8,1.0,0.6666666666666666,0.43333333333333335,0.5,879.0209251993136,973.5030736812516,0.4648255547905898,0.9898076110074489,0.9552734887657275,0
23/04/2023EmpoliInter,Empoli,Inter,23/04/2023,1.78,2.05,1.52,6.34,30.0,15,6,0,0,1,1,0.8333333333333334,1.6,1.2333333333333334,1.1333333333333333,0.4,0.4,0.8,1.2,2.4285714285714284,0.3333333333333333,0.3333333333333333,0.3,0.5333333333333333,1004.9774234498198,1124.9193761375493,0.4286187148603347,0.8727946593605134,0.9883286113939825,1
23/04/2023MonzaFiorentina,Monza,Fiorentina,23/04/2023,2.03,1.79,2.08,3.6,30.0,13,9,1,1,0,1,1.1666666666666667,1.1666666666666667,1.3666666666666667,1.1,1.0,1.2,1.2,0.4,2.0,1.0,1.0,0.4666666666666667,0.36666666666666664,1058.6158937370562,1113.565743332122,0.5216453704779104,0.9792506140219261,0.8901418161536443,1
23/04/2023UdineseCremonese,Udinese,Cremonese,23/04/2023,1.85,1.97,4.8,1.72,30.0,12,19,0,1,3,0,1.3,0.9,1.3,1.8,1.2,1.2,1.8,1.6,0.0,0.6666666666666666,1.6666666666666667,0.5666666666666667,0.5,1052.15488557715,948.7946578697039,0.7306536979256537,1.07011099312281,1.0766398950441611,1
23/04/2023MilanLecce,Milan,Lecce,23/04/2023,2.09,1.75,7.26,1.5,30.0,5,16,1,1,1,1,1.6333333333333333,0.8666666666666667,1.2333333333333334,1.2,1.4,0.4,1.0,1.4,4.333333333333333,1.6666666666666667,0.6666666666666666,0.6,0.3,1198.3936051876155,941.7574446352343,0.8676420081248328,1.0240825960623625,0.9036072659341116,0
23/04/2023JuventusNapoli,Juventus,Napoli,23/04/2023,2.23,1.67,2.63,2.85,30.0,3,1,0,0,1,0,1.5666666666666667,2.2,0.8333333333333334,0.7,1.4,1.6,1.0,1.0,3.0,0.6666666666666666,0.6666666666666666,0.36666666666666664,0.5666666666666667,1206.2860402185177,1326.6504832478406,0.4280231980551092,0.9937208540171572,1.1090756052589568,0
24/04/2023AtalantaRoma,Atalanta,Roma,24/04/2023,2.19,1.68,3.21,2.33,30.0,7,4,1,3,1,0,1.6,1.4,1.1666666666666667,0.8666666666666667,1.2,2.0,1.4,1.0,3.076923076923077,1.3333333333333333,2.3333333333333335,0.43333333333333335,0.4,1107.8229289822104,1181.6588039170945,0.4944799565065638,1.0937022296301138,0.9098902969858931,1
